Step,WaitingVehicles,QueueLength,AvgWaitTime,TotalVehicles,CumulativeThroughput,AvgSpeed,CurrentPhase
0,0,0,0,0,0,0,0
1,1,2,0.0,1,0,0.0,0
2,0,0,0.0,1,0,0.7947382635902613,0
3,1,2,0.0,2,0,1.1239302775938995,0
4,0,0,0.0,2,0,1.9952113212493714,0
5,0,0,0.0,2,0,2.8084833972970955,0
6,1,2,0.0,3,0,2.2608887335130325,0
7,1,2,0.0,4,0,2.2825206137873466,0
8,0,0,0.0,4,0,3.0132034596666926,0
9,0,0,0.0,4,0,3.8680480322538644,0
10,0,0,0.0,4,0,4.508694681510678,0
11,0,0,0.0,4,0,5.268413960526232,0
12,1,2,0.0,5,0,4.14278734041617,0
13,2,4,0.0,7,0,2.736801743276263,0
14,0,0,0.0,7,0,2.641097222418303,0
15,0,0,0.0,7,0,2.94891440661196,0
16,0,0,0.0,7,0,3.4621859269897794,0
17,2,4,0.125,8,0,3.4654091312490807,0
18,1,2,0.25,8,0,4.024186068969988,0
19,2,4,0.3333333333333333,9,0,4.1483216931512885,0
20,1,2,0.4444444444444444,9,0,4.675586729419734,0
21,1,2,0.5555555555555556,9,0,4.757734945498339,0
22,1,2,0.6666666666666666,9,0,4.690036412898745,1
23,2,4,0.7,10,0,3.885679036590086,1
24,3,6,0.8181818181818182,11,0,3.612060615258716,1
25,3,5,1.0909090909090908,11,0,4.1112374683806685,1
26,3,5,1.3636363636363635,11,0,4.576378509644353,2
27,2,4,1.3636363636363635,11,0,4.937831476531264,2
28,3,6,1.4166666666666667,12,0,4.184945660129807,2
29,2,4,1.5833333333333333,12,0,3.954009749841949,2
30,4,6,1.9166666666666667,12,0,4.091951019328531,2
31,5,8,2.076923076923077,13,0,3.7842325161608743,2
32,4,6,2.5833333333333335,12,1,3.035307112572305,2
33,6,10,2.769230769230769,13,1,3.113132055928936,2
34,5,8,3.1538461538461537,13,1,3.438188545270658,2
35,6,10,3.2857142857142856,14,1,3.4534669872288255,2
36,5,8,3.642857142857143,14,1,3.6169231501879833,2
37,5,8,4.3076923076923075,13,2,2.7416993786728985,2
38,7,12,4.066666666666666,15,2,2.435136112503417,2
39,7,12,4.1875,16,2,2.303319980023902,2
40,6,10,4.5625,16,2,2.368045549543005,2
41,6,10,4.9375,16,2,2.323816323039449,2
42,8,13,5.0588235294117645,17,2,2.3109298149748723,2
43,7,11,5.470588235294118,17,2,2.3781894799982872,2
44,8,12,5.9411764705882355,17,2,2.368068797882593,2
45,9,14,6.055555555555555,18,2,2.0722366701035764,2
46,9,13,6.555555555555555,18,2,2.132582143235777,2
47,10,15,7.111111111111111,18,2,2.4107902481201617,2
48,10,15,7.666666666666667,18,2,2.6265168049989067,3
49,10,15,8.222222222222221,18,2,2.837000161163011,3
50,11,17,8.777777777777779,18,3,2.6006144555336372,3
51,12,19,8.4,20,3,2.4358660059210595,3
52,10,15,9.368421052631579,19,4,2.006743457239167,4
53,8,11,6.842105263157895,19,4,1.7125470201257176,4
54,9,13,5.4,20,4,1.3934944018388418,4
55,7,9,4.95,20,4,1.5245333611654415,4
56,8,11,4.619047619047619,21,4,1.6916045753295634,4
57,8,11,4.9523809523809526,21,4,2.0149304258551703,4
58,9,12,5.045454545454546,22,4,2.321280464570366,4
59,9,12,5.173913043478261,23,4,2.5676795522801465,4
60,8,10,5.521739130434782,23,4,2.9952973019679345,4
61,8,10,5.869565217391305,23,4,3.4300470540052332,4
62,9,12,5.958333333333333,24,4,3.621188637371113,4
63,8,10,6.291666666666667,24,4,3.9994566203234885,4
64,9,12,6.36,25,4,4.249591917376499,4
65,9,12,6.423076923076923,26,4,4.392504988424957,4
66,8,10,7.0,25,5,4.212409536331539,4
67,9,12,7.038461538461538,26,5,4.451638469673479,4
68,9,10,7.384615384615385,26,5,4.72471625482602,4
69,9,10,7.230769230769231,26,6,4.446053248836165,4
70,8,8,7.538461538461538,26,6,4.590081347614942,4
71,8,8,8.16,25,7,4.5705273008886955,4
72,9,9,8.52,25,7,4.956824340536897,4
73,10,11,9.652173913043478,23,10,3.9952889404573266,4
74,9,9,10.5,22,11,3.5849233525619506,5
75,10,11,11.476190476190476,21,12,3.090508486843044,5
76,13,16,11.5,22,12,2.8456924129827783,5
77,14,17,12.714285714285714,21,13,2.33310436804659,5
78,15,19,12.772727272727273,22,13,2.275086695976133,6
79,13,16,9.333333333333334,21,14,2.027398582851554,6
80,12,16,6.045454545454546,22,14,2.025702466239405,6
81,9,12,3.8181818181818183,22,14,2.038938705176262,6
82,8,12,3.217391304347826,23,14,1.9387753163666177,6
83,8,13,3.260869565217391,23,14,2.032836376036715,6
84,8,13,3.772727272727273,22,15,1.9640688524684449,6
85,8,13,4.136363636363637,22,15,2.2591554967024865,6
86,9,15,4.304347826086956,23,15,2.5259735841526254,6
87,9,15,4.458333333333333,24,15,2.5750579938222447,6
88,9,15,4.6,25,15,2.662149894320958,6
89,9,15,4.96,25,15,2.989739539327056,6
90,9,15,5.32,25,15,3.016396957335865,6
91,9,15,5.68,25,15,2.990092729695827,6
92,11,19,5.592592592592593,27,15,2.7905035245152425,6
93,9,15,5.925925925925926,27,15,3.0860076327746016,6
94,11,18,6.333333333333333,27,15,3.276518899772235,6
95,11,18,6.7407407407407405,27,15,3.422128257142736,6
96,12,20,6.892857142857143,28,15,3.4947222049956927,6
97,13,21,7.923076923076923,26,17,3.1640950368616454,6
98,12,19,8.346153846153847,26,17,3.4300730891251154,6
99,13,21,8.481481481481481,27,17,3.4466341997257106,6
100,13,21,8.925925925925926,27,18,3.087376953123175,7
101,12,19,9.37037037037037,27,18,3.1093472347715534,7
102,13,21,9.851851851851851,27,18,2.954405517055446,7
103,13,21,10.333333333333334,27,18,2.946041213247901,7
104,16,27,10.88888888888889,27,19,2.5203173078883174,0
105,13,22,7.928571428571429,28,19,2.516066704633953,0
106,11,17,7.178571428571429,28,19,2.883704939302657,0
107,11,17,7.0,26,21,2.6667278937689565,0
108,11,17,7.346153846153846,26,22,2.426875105093104,0
109,11,17,7.730769230769231,26,23,2.224774114045779,0
110,11,16,8.48,25,24,2.1631240244687593,0
111,12,18,8.576923076923077,26,24,2.2427504392909743,0
112,11,16,9.0,26,24,2.4701311549263187,0
113,11,16,9.423076923076923,26,24,2.8405648051312054,0
114,14,21,9.178571428571429,28,24,2.7785293201957537,0
115,12,17,9.607142857142858,28,24,2.7816820947613765,0
116,13,19,10.071428571428571,28,24,2.8574946986644796,0
117,15,22,10.206896551724139,29,24,2.9602067145651216,0
118,14,20,11.071428571428571,28,25,2.796185380218613,0
119,16,24,10.8,30,25,2.543869479268649,0
120,14,20,11.266666666666667,30,25,2.5996400887910682,0
121,16,22,11.8,30,25,2.792074722439121,0
122,16,22,12.758620689655173,29,26,2.7705848362593333,0
123,16,22,13.785714285714286,28,27,2.561192509441456,0
124,17,24,13.862068965517242,29,27,2.5476962010438284,0
125,17,24,14.964285714285714,28,28,2.3289774534943604,0
126,17,24,15.571428571428571,28,28,2.5578598807986817,1
127,18,26,15.620689655172415,29,28,2.6437175271843585,1
128,17,24,16.785714285714285,28,29,2.7322427614233744,1
129,17,24,17.392857142857142,28,29,2.86978043862652,1
130,17,24,18.0,28,29,2.786561237516491,2
131,16,24,15.107142857142858,28,30,2.2562025614551975,2
132,14,22,12.851851851851851,27,31,1.6874128532988326,2
133,14,23,12.5,26,32,1.375945262150778,2
134,15,26,12.074074074074074,27,32,1.655457930816555,2
135,14,24,12.592592592592593,27,32,2.01788782310436,2
136,14,24,13.615384615384615,26,33,1.9284525429003,2
137,15,26,13.62962962962963,27,33,2.150572710452744,2
138,14,24,14.148148148148149,27,33,2.369359417967404,2
139,14,24,14.666666666666666,27,33,2.566413978025883,2
140,15,26,14.642857142857142,28,33,2.683864846678333,2
141,15,26,14.620689655172415,29,33,2.9109482305820658,2
142,14,24,15.10344827586207,29,33,3.2933257881076172,2
143,18,31,14.64516129032258,31,33,3.21482695521027,2
144,16,28,15.096774193548388,31,34,2.96646892598391,2
145,15,26,16.1,30,35,2.9584552405395566,2
146,16,28,17.20689655172414,29,36,2.8226130130261273,2
147,16,28,17.75862068965517,29,36,3.094804485070969,2
148,16,28,18.964285714285715,28,37,3.094336306252952,2
149,16,28,19.535714285714285,28,37,3.073901490011136,2
150,19,34,20.142857142857142,28,39,2.277129874864248,2
151,17,30,20.75,28,39,2.378518449757597,2
152,18,31,23.03846153846154,26,41,1.8367214286413234,3
153,19,33,22.85185185185185,27,41,2.0006234779019567,3
154,18,31,24.423076923076923,26,42,1.7992049667382315,3
155,18,31,25.115384615384617,26,42,1.7498019456569904,3
156,18,31,25.807692307692307,26,42,1.5340707243966163,4
157,17,28,20.76923076923077,26,42,1.2353726776953562,4
158,16,25,16.26923076923077,26,42,1.0025749129572152,4
159,16,24,12.592592592592593,27,42,0.9927336217782817,4
160,14,20,11.185185185185185,27,42,1.231464547056268,4
161,14,19,9.714285714285714,28,42,1.501384152971349,4
162,13,17,9.379310344827585,29,42,1.7032640487006572,4
163,13,17,9.466666666666667,30,42,1.8270120617849237,4
164,11,13,9.7,30,42,2.074219501479717,4
165,12,15,9.741935483870968,31,42,2.25187815823677,4
166,12,14,10.129032258064516,31,42,2.510081586950495,4
167,13,15,10.548387096774194,31,42,2.8420558193131438,4
168,13,15,10.96774193548387,31,42,3.1671057140710897,4
169,14,17,11.387096774193548,31,43,2.941568086513114,4
170,14,17,11.4375,32,43,3.17790164880182,4
171,14,17,11.484848484848484,33,43,3.436105375221338,4
172,13,15,11.878787878787879,33,43,3.818724252140403,4
173,13,15,12.272727272727273,33,43,4.202683849418456,4
174,14,17,12.666666666666666,33,44,4.218237088795496,4
175,13,15,13.46875,32,45,4.35806656418686,4
176,13,15,14.32258064516129,31,46,4.243077659510892,4
177,13,15,14.741935483870968,31,46,4.272014610458259,4
178,14,17,15.666666666666666,30,48,3.71131369186839,5
179,15,19,16.724137931034484,29,49,3.6569313053032313,5
180,16,21,16.666666666666668,30,49,3.5873080432911197,5
181,15,19,18.392857142857142,28,51,2.8929358952101403,5
182,15,19,18.928571428571427,28,51,2.9093123408366353,6
183,15,21,14.107142857142858,28,51,2.953828157089259,6
184,14,21,10.96551724137931,29,51,2.8824190261229834,6
185,13,20,9.586206896551724,29,52,2.4516668892514852,6
186,15,25,8.8,30,52,2.460853632009063,6
187,14,22,9.266666666666667,30,52,2.5852009745184277,6
188,14,23,10.357142857142858,28,54,2.0874250339297737,6
189,15,25,10.857142857142858,28,55,1.9149132697488709,6
190,15,24,11.814814814814815,27,56,1.7983185597168505,6
191,16,26,11.928571428571429,28,56,1.9913902329395459,6
192,15,24,12.464285714285714,28,56,2.100425302832408,6
193,15,24,13.0,28,56,2.1764465786878042,6
194,17,28,13.607142857142858,28,56,2.3107229277571046,6
195,18,30,13.724137931034482,29,56,2.4136801695985257,6
196,18,30,13.833333333333334,30,56,2.4307693910855384,6
197,17,28,14.4,30,56,2.570038682468149,6
198,19,32,14.516129032258064,31,56,2.4431180214570265,6
199,18,30,15.6,30,57,2.087679744743736,6
200,20,34,15.709677419354838,31,57,2.058914720980448,6
201,21,35,16.9,30,59,1.5025092398997302,6
202,21,35,17.0,31,59,1.615713377531206,6
203,20,33,18.233333333333334,30,60,1.4909485287309765,6
204,20,33,18.9,30,60,1.6884854430461986,7
205,20,33,19.566666666666666,30,60,1.6475189228369822,7
206,21,35,20.266666666666666,30,60,1.4805080433323146,7
207,22,37,20.29032258064516,31,60,1.3180505968961003,7
208,23,38,20.34375,32,60,1.2973249542287186,0
209,21,36,13.125,32,61,1.1073269960242942,0
210,17,30,10.666666666666666,33,61,1.286722973002259,0
211,16,28,10.470588235294118,34,61,1.4988869406326202,0
212,15,26,11.242424242424242,33,62,1.6057626202683601,0
213,16,27,11.727272727272727,33,62,1.9295302988322531,0
214,15,26,12.151515151515152,33,62,2.2520479775314093,0
215,16,28,12.235294117647058,34,62,2.368326846763568,0
216,18,30,12.371428571428572,35,62,2.2816533119459197,0
217,17,29,12.82857142857143,35,62,2.558021288911174,0
218,18,31,12.944444444444445,36,62,2.695845516574298,0
219,18,31,13.054054054054054,37,62,2.8949578096525137,0
220,18,30,13.54054054054054,37,62,3.194750808024603,0
221,19,32,14.027027027027026,37,63,3.068701494236625,0
222,19,32,14.54054054054054,37,63,3.1777855085801177,0
223,18,30,15.0,37,63,3.313277649432548,0
224,18,30,15.486486486486486,37,63,3.5082630309235676,0
225,21,34,16.027027027027028,37,64,3.3123455545934197,0
226,20,32,17.514285714285716,35,66,2.9404719361998826,0
227,22,36,19.21212121212121,33,69,2.007433165878958,0
228,21,34,19.848484848484848,33,69,2.172632950124932,0
229,22,35,20.515151515151516,33,69,2.239929646837906,0
230,22,35,21.84375,32,70,1.9685601326254836,1
231,24,38,21.87878787878788,33,70,2.0351094989376186,1
232,24,38,23.28125,32,72,1.5958548143543054,1
233,23,36,24.0,32,72,1.744454659883054,1
234,23,36,25.516129032258064,31,73,1.321436145226295,2
235,22,36,21.548387096774192,31,74,0.6626362706436667,2
236,23,37,18.59375,32,74,0.5410355364874071,2
237,20,33,17.90625,32,74,0.7331000197959401,2
238,19,32,18.03125,32,74,0.9674402038366269,2
239,18,31,18.28125,32,74,1.1256312915770073,2
240,18,32,18.12121212121212,33,74,1.2864191405552805,2
241,18,32,18.08823529411765,34,74,1.46228220033392,2
242,17,30,18.58823529411765,34,74,1.6583950715695421,2
243,19,34,19.147058823529413,34,74,1.8424981589874698,2
244,21,38,18.61111111111111,36,74,1.9021743702288516,2
245,20,36,18.62162162162162,37,74,2.009087164163429,2
246,20,35,19.16216216216216,37,74,2.333874275038103,2
247,20,35,19.7027027027027,37,74,2.6292079512361415,2
248,21,37,19.710526315789473,38,74,2.8774130057464253,2
249,20,35,20.236842105263158,38,74,3.211263756886914,2
250,20,35,20.763157894736842,38,74,3.319135915479659,2
251,21,37,21.289473684210527,38,75,3.125393274408042,2
252,22,39,21.86842105263158,38,75,3.294888109977945,2
253,22,39,23.694444444444443,36,77,2.967383955855253,2
254,23,41,23.64864864864865,37,77,3.0852988934579493,2
255,23,41,25.65714285714286,35,79,2.743262615055354,2
256,23,41,26.314285714285713,35,79,2.9166015285918916,3
257,23,41,27.764705882352942,34,80,2.7905962478551656,3
258,24,43,28.441176470588236,34,81,2.5782050776843284,3
259,23,41,29.11764705882353,34,81,2.7672435702525147,3
260,24,43,30.727272727272727,33,82,2.521342129902288,4
261,22,39,27.5,32,83,2.2015459654750758,4
262,20,35,24.129032258064516,31,84,1.6602639600018025,4
263,19,32,20.096774193548388,31,84,1.679450368822735,4
264,20,33,17.133333333333333,30,86,0.9367017225074149,4
265,18,29,13.161290322580646,31,86,1.1594642497263905,4
266,16,25,12.5,30,87,0.9603821087086089,4
267,15,23,11.066666666666666,30,87,1.2780319669662752,4
268,13,19,9.3,30,87,1.5962574894591475,4
269,12,17,7.967741935483871,31,87,1.7806623912005943,4
270,10,13,7.967741935483871,31,87,2.0295135698218565,4
271,10,13,8.290322580645162,31,87,2.231520672825893,4
272,11,15,8.64516129032258,31,87,2.5309765649571023,4
273,11,15,9.0,31,87,2.897577948331644,4
274,12,17,9.0625,32,87,3.1859138389967234,4
275,11,15,9.40625,32,87,3.5193574023851704,4
276,11,15,9.75,32,87,3.809744376928024,4
277,12,17,10.09375,32,88,3.6971063619315245,4
278,13,19,10.46875,32,89,3.6200621320163173,4
279,13,19,10.515151515151516,33,89,3.839368093828644,4
280,12,17,11.21875,32,90,3.937960443301843,4
281,12,17,11.96774193548387,31,91,4.026536950009255,4
282,13,18,12.8,30,92,4.014318744413158,5
283,13,19,12.741935483870968,31,92,4.121759403819143,5
284,12,17,14.03448275862069,29,94,3.7125613118286047,5
285,12,17,14.448275862068966,29,94,3.4674235909708666,5
286,13,19,15.428571428571429,28,95,2.894532006446947,6
287,12,19,11.25,28,95,2.7842909839775722,6
288,14,24,9.517241379310345,29,95,2.7188843914773084,6
289,13,23,8.206896551724139,29,95,2.944102839872083,6
290,12,22,7.62962962962963,27,97,2.4832395045892133,6
291,14,27,6.785714285714286,28,98,2.160186443062833,6
292,12,23,7.214285714285714,28,98,2.2637139186161237,6
293,12,23,7.925925925925926,27,99,2.0771104200719055,6
294,13,24,8.73076923076923,26,100,1.9487099813967725,6
295,14,26,8.88888888888889,27,100,1.9771564371567716,6
296,14,25,9.407407407407407,27,100,2.1705012235058465,6
297,15,27,9.571428571428571,28,100,2.357531530200762,6
298,14,25,10.071428571428571,28,100,2.5410994421024133,6
299,15,27,10.206896551724139,29,100,2.5625868842367465,6
300,14,25,10.689655172413794,29,100,2.548595391995974,6
301,16,28,11.206896551724139,29,101,2.2092844152883955,6
302,17,30,11.366666666666667,30,101,2.3594626864558523,6
303,17,30,11.516129032258064,31,101,2.508561667247104,6
304,16,28,12.03225806451613,31,101,2.7673026503352545,6
305,16,28,12.966666666666667,30,102,2.7831420523925425,6
306,16,28,13.5,30,102,3.071577116281078,6
307,18,32,13.580645161290322,31,103,2.869037258078565,6
308,16,28,14.096774193548388,31,103,3.0462205680592676,7
309,16,28,14.612903225806452,31,103,3.0728196524253546,7
310,18,31,14.6875,32,103,2.921799473783155,7
311,18,31,15.25,32,103,2.934953069551801,7
312,19,32,16.9,30,105,2.290079264394037,0
313,17,28,14.2,30,105,2.228192546571276,0
314,16,27,12.6,30,106,1.8767329341872663,0
315,14,24,11.266666666666667,30,106,1.9054841423456685,0
316,13,22,10.586206896551724,29,107,1.7644892175052433,0
317,13,22,11.03448275862069,29,107,2.0667610053498455,0
318,13,22,10.068965517241379,29,108,1.7656957824346189,0
319,12,20,10.482758620689655,29,108,1.7600078387961333,0
320,12,20,10.89655172413793,29,108,2.0124673462737803,0
321,14,24,11.344827586206897,29,109,1.822480796891544,0
322,13,22,11.793103448275861,29,109,1.9724188025893519,0
323,14,24,11.833333333333334,30,109,2.1511648086023314,0
324,13,22,12.266666666666667,30,109,2.3242231593021776,0
325,13,22,12.7,30,109,2.571306250110143,0
326,13,22,13.133333333333333,30,109,2.8028707772429398,0
327,14,24,13.129032258064516,31,109,2.9922332427261646,0
328,15,26,13.15625,32,109,3.166080191421773,0
329,13,22,13.53125,32,109,3.4555029565676505,0
330,13,22,13.9375,32,109,3.793285266382922,0
331,14,24,14.34375,32,110,3.7392867924104016,0
332,13,22,15.225806451612904,31,111,3.667783682644553,0
333,13,22,16.166666666666668,30,112,3.6943367954996664,0
334,15,26,16.096774193548388,31,112,3.785184374145041,1
335,15,26,17.1,30,114,3.34881666061869,1
336,14,24,17.566666666666666,30,114,3.5754038352058313,1
337,15,26,18.066666666666666,30,114,3.756971941756856,1
338,15,26,19.892857142857142,28,116,3.398647619478679,2
339,14,25,18.37037037037037,27,117,3.160795488489328,2
340,14,26,17.185185185185187,27,117,3.2274585536130385,2
341,14,27,17.28,25,120,2.2562355000133163,2
342,13,25,18.541666666666668,24,121,2.1635504935386174,2
343,14,27,19.083333333333332,24,122,2.0008828611498384,2
344,13,25,20.47826086956522,23,123,1.8895337896115243,2
345,14,27,20.166666666666668,24,123,2.135328944874886,2
346,13,25,20.708333333333332,24,123,2.3714456159068527,2
347,13,25,21.25,24,123,2.3152864800688078,2
348,15,29,20.96,25,123,2.257749879741595,2
349,14,27,21.52,25,123,2.4421108618778997,2
350,16,30,21.26923076923077,26,123,2.5906734099483875,2
351,15,28,22.72,25,124,2.3873269182747627,2
352,15,28,23.32,25,124,2.4766235415288405,2
353,16,30,23.96,25,124,2.6886807068872334,2
354,16,30,24.6,25,124,2.918850044767626,2
355,17,32,25.24,25,125,2.5216730159167797,2
356,17,32,25.92,25,125,2.629919177715761,2
357,16,30,27.625,24,126,2.2977261687103536,2
358,16,30,28.291666666666668,24,126,2.284819033425442,2
359,18,33,27.84,25,126,2.341163989134034,2
360,17,31,29.708333333333332,24,127,2.084913474694589,3
361,17,31,30.416666666666668,24,127,2.2412872104477217,3
362,18,33,31.125,24,128,1.8733737649833995,3
363,19,35,31.875,24,129,1.428553809259217,3
364,18,33,32.625,24,129,1.523268286626247,4
365,16,29,27.91304347826087,23,130,0.9971309327182937,4
366,14,25,21.782608695652176,23,130,1.013963464362839,4
367,14,24,15.916666666666666,24,130,1.0744322931057229,4
368,11,18,11.416666666666666,24,130,1.2137300337953523,4
369,10,16,8.56,25,130,1.4558307598848665,4
370,10,16,8.96,25,130,1.6615203103439642,4
371,10,16,7.538461538461538,26,130,1.8832054758478496,4
372,9,14,6.653846153846154,26,130,2.315243191730564,4
373,9,14,5.962962962962963,27,130,2.622476432374382,4
374,7,10,5.814814814814815,27,130,3.067205323953269,4
375,7,10,6.074074074074074,27,130,3.474215577698274,4
376,8,12,6.107142857142857,28,130,3.643996930867218,4
377,8,11,6.392857142857143,28,130,3.794672783196572,4
378,7,10,6.607142857142857,28,130,4.097555540568792,4
379,8,12,6.892857142857143,28,130,4.476881494218708,4
380,9,14,7.178571428571429,28,131,4.437267410273707,4
381,10,15,7.241379310344827,29,131,4.6918941715325495,4
382,9,13,8.11111111111111,27,133,4.423905692577073,4
383,9,13,8.444444444444445,27,133,4.60632700146053,4
384,9,13,9.115384615384615,26,134,4.688088150528437,4
385,10,14,9.88,25,135,4.730502181267981,4
386,11,16,10.28,25,136,4.642442663968878,5
387,10,14,11.125,24,137,4.499102604129907,5
388,11,16,11.541666666666666,24,138,3.8478956361842385,5
389,13,20,12.041666666666666,24,139,3.0251857859925155,5
390,12,18,13.08695652173913,23,140,2.4205301670016444,6
391,12,20,8.416666666666666,24,140,2.2873478458164804,6
392,11,18,7.7727272727272725,22,142,1.2499294949233315,6
393,12,20,8.272727272727273,22,142,1.3762941673600624,6
394,13,22,8.863636363636363,22,142,1.3667969877019084,6
395,14,24,9.043478260869565,23,142,1.436030171987015,6
396,13,22,9.608695652173912,23,142,1.6193536058797038,6
397,16,28,9.4,25,142,1.7236210770705673,6
398,15,26,9.576923076923077,26,142,1.916761138874016,6
399,14,24,10.115384615384615,26,142,2.2162340397315203,6
400,14,24,10.653846153846153,26,142,2.2554190488832977,6
401,15,26,11.23076923076923,26,142,2.124688170637858,6
402,15,26,11.807692307692308,26,142,2.059822054647916,6
403,15,26,12.384615384615385,26,142,2.081256643425225,6
404,16,28,13.0,26,142,2.0973628029468534,6
405,19,34,13.148148148148149,27,143,1.7827552435708112,6
406,19,33,13.321428571428571,28,143,1.9615900103415604,6
407,18,31,13.964285714285714,28,143,2.207453227243991,6
408,20,34,14.137931034482758,29,143,2.284135410586313,6
409,19,33,14.724137931034482,29,144,1.8472582377304507,6
410,18,31,16.48148148148148,27,146,1.0657440808782295,6
411,19,32,17.185185185185187,27,146,0.8901708734357051,6
412,18,31,17.814814814814813,27,146,0.7963141781594851,7
413,22,38,17.928571428571427,28,146,0.7206608557741409,7
414,23,40,18.06896551724138,29,146,0.7387303735405276,7
415,22,38,18.82758620689655,29,146,0.8786694688111322,7
416,22,38,19.586206896551722,29,146,0.977935517292141,0
417,19,33,14.137931034482758,29,146,1.088741829441623,0
418,16,28,10.827586206896552,29,146,1.110957441295331,0
419,15,26,9.0,30,146,1.1583694506556121,0
420,14,24,8.64516129032258,31,146,1.17745482291854,0
421,15,25,9.129032258064516,31,146,1.26511929299439,0
422,15,25,9.612903225806452,31,146,1.3391939871497764,0
423,15,25,10.096774193548388,31,146,1.4388000935787255,0
424,18,30,10.3125,32,146,1.6201416030805331,0
425,17,28,10.84375,32,146,1.6699903236150135,0
426,17,28,11.375,32,146,1.8623733009953987,0
427,18,30,11.9375,32,146,2.134671062288056,0
428,18,30,12.5,32,146,2.3895070627733337,0
429,19,32,12.666666666666666,33,146,2.6096322600360633,0
430,18,30,13.212121212121213,33,146,2.855427963225111,0
431,18,30,13.757575757575758,33,146,3.131224272577596,0
432,18,30,14.303030303030303,33,146,3.4101636276306393,0
433,19,32,14.411764705882353,34,146,3.419658989755599,0
434,19,32,14.941176470588236,34,147,3.187001274444875,0
435,18,30,15.470588235294118,34,147,3.3732940541835092,0
436,19,31,17.580645161290324,31,150,2.7948580465852797,0
437,19,31,18.193548387096776,31,150,2.9920063138247817,0
438,20,33,18.806451612903224,31,151,2.8498293710889264,1
439,19,31,20.066666666666666,30,152,2.6493322462205673,1
440,19,31,22.178571428571427,28,154,2.0866135158322767,1
441,21,35,22.892857142857142,28,155,1.8710715101511732,1
442,20,33,23.607142857142858,28,155,2.0263840467276144,2
443,18,31,21.14814814814815,27,156,1.68179351495535,2
444,17,30,20.62962962962963,27,156,1.6397665203930198,2
445,18,33,20.37037037037037,27,157,1.0700258066500745,2
446,18,34,20.185185185185187,27,158,0.8768863953874385,2
447,17,32,20.814814814814813,27,158,1.088338391716031,2
448,17,32,21.444444444444443,27,158,1.3314737670729457,2
449,18,34,21.285714285714285,28,158,1.4376590606315127,2
450,18,34,21.137931034482758,29,158,1.4901016715845614,2
451,17,32,21.724137931034484,29,158,1.712582739778779,2
452,17,32,22.310344827586206,29,158,1.9054471065469876,2
453,18,34,22.133333333333333,30,158,2.00961633509715,2
454,17,32,22.7,30,158,2.1100476125170697,2
455,17,32,23.266666666666666,30,158,2.177416429477739,2
456,18,33,23.866666666666667,30,158,2.3510596836816577,2
457,20,37,22.9375,32,158,2.2920871966693666,2
458,18,33,23.5,32,158,2.349905488481472,2
459,19,35,24.09375,32,158,2.41016918189817,2
460,21,39,24.71875,32,159,2.234087134408447,2
461,20,37,25.34375,32,159,2.2993341522962503,2
462,20,37,26.806451612903224,31,160,2.0165816295725207,2
463,21,38,27.483870967741936,31,160,2.1795394336664966,2
464,22,40,27.28125,32,160,2.1003365557752636,3
465,21,38,27.9375,32,160,1.9222842618654574,3
466,22,40,29.548387096774192,31,161,1.6143251611592224,3
467,24,44,29.34375,32,161,1.6440612398915144,3
468,24,43,30.09375,32,161,1.7974720475610975,4
469,22,39,26.870967741935484,31,162,1.6858235379643611,4
470,20,35,22.838709677419356,31,162,1.9281190975366131,4
471,19,33,19.032258064516128,31,163,1.7432704434278075,4
472,17,29,18.032258064516128,31,163,1.776988939799822,4
473,16,27,16.533333333333335,30,164,1.4534173526710168,4
474,15,24,13.033333333333333,30,164,1.6600463419927045,4
475,14,22,10.433333333333334,30,165,1.5107053441804292,4
476,11,16,8.4,30,165,1.8253365360547236,4
477,11,15,8.4,30,165,2.025638096785773,4
478,11,15,8.766666666666667,30,165,2.084468285025831,4
479,12,17,8.838709677419354,31,165,2.1146167873449384,4
480,14,19,8.96875,32,165,2.276349307166474,4
481,13,17,9.375,32,165,2.477546938331881,4
482,13,17,9.78125,32,165,2.7880717100197363,4
483,15,21,9.588235294117647,34,165,2.9732280535317273,4
484,14,19,9.685714285714285,35,165,3.240513609182401,4
485,13,17,10.057142857142857,35,165,3.6042434883740837,4
486,13,17,10.735294117647058,34,166,3.728374421704192,4
487,14,19,11.117647058823529,34,167,3.6711228892319543,4
488,13,17,11.848484848484848,33,168,3.777475558468874,4
489,14,19,11.882352941176471,34,168,3.8470199731916894,4
490,13,17,12.264705882352942,34,168,3.9371525858789234,5
491,13,17,12.647058823529411,34,168,3.8486181098849066,5
492,16,23,12.714285714285714,35,168,3.667470304479617,5
493,16,22,13.969696969696969,33,170,3.0390890618144253,5
494,19,28,14.088235294117647,34,170,2.8766999455639493,6
495,17,25,12.125,32,172,2.334343641427357,6
496,17,27,9.93939393939394,33,172,2.282598880330129,6
497,16,26,10.65625,32,174,1.8800678741626882,6
498,17,28,11.15625,32,175,1.723850117379427,6
499,18,29,11.333333333333334,33,175,1.8682958024020249,6
500,18,29,11.848484848484848,33,176,1.6665816927783008,6
501,17,27,12.363636363636363,33,176,1.7932132508599692,6
502,17,27,13.28125,32,177,1.6787506554838785,6
503,18,29,13.84375,32,177,1.6933221475120503,6
504,20,33,14.0,33,177,1.6733302362768836,6
505,19,31,14.575757575757576,33,177,1.834715010457538,6
506,20,33,15.181818181818182,33,177,2.0869989739221775,6
507,20,33,15.787878787878787,33,177,2.0918432316270072,6
508,22,37,15.941176470588236,34,177,1.9870456541579269,6
509,22,37,16.58823529411765,34,177,2.047496679259687,6
510,23,39,17.264705882352942,34,177,2.157718923160784,6
511,23,39,17.941176470588236,34,177,2.2456694492883518,6
512,24,41,18.61764705882353,34,178,1.8508790533008679,6
513,23,39,19.294117647058822,34,178,1.8105277157043975,6
514,24,41,19.970588235294116,34,179,1.4819067731794218,6
515,25,42,20.085714285714285,35,179,1.457811447316926,6
516,25,41,20.8,35,179,1.3864757364031102,7
517,26,42,21.542857142857144,35,179,1.4077795230044214,7
518,27,44,22.970588235294116,34,180,1.3138446746223083,7
519,27,44,23.764705882352942,34,180,1.4444265708828783,7
520,28,46,23.857142857142858,35,180,1.5032212014162492,0
521,24,39,19.205882352941178,34,181,1.3403570638245725,0
522,23,38,15.885714285714286,35,181,1.4557940597193642,0
523,20,33,14.588235294117647,34,182,1.3084049499423012,0
524,18,30,13.970588235294118,34,182,1.4568138012410925,0
525,17,28,14.393939393939394,33,183,1.3192019027726034,0
526,17,27,14.787878787878787,33,183,1.3186239451267976,0
527,17,27,15.303030303030303,33,183,1.420768022756971,0
528,18,29,15.352941176470589,34,183,1.5364582001597702,0
529,18,29,15.4,35,183,1.7542498658312757,0
530,19,30,15.472222222222221,36,183,1.905437778585,0
531,18,28,15.972222222222221,36,183,2.1623521982626994,0
532,19,30,16.027027027027028,37,183,2.4169775307291603,0
533,19,29,16.54054054054054,37,183,2.680271721652504,0
534,20,31,16.605263157894736,38,183,2.8922195801459742,0
535,18,28,17.026315789473685,38,183,3.2005418364136715,0
536,18,28,17.972972972972972,37,184,3.2912000319010573,0
537,19,30,18.45945945945946,37,185,3.2324814171418006,0
538,18,28,18.945945945945947,37,185,3.5439015826863853,0
539,18,28,19.97222222222222,36,186,3.605647979819338,0
540,19,30,21.057142857142857,35,188,3.3102337263943946,0
541,18,28,21.571428571428573,35,188,3.5739978264030645,0
542,18,28,22.085714285714285,35,188,3.7092227321802267,1
543,19,29,24.0,33,190,3.3936351007367334,1
544,19,29,24.575757575757574,33,190,3.610833636937932,1
545,21,33,25.151515151515152,33,192,2.6875733382813403,1
546,19,29,26.53125,32,193,2.20946082950553,2
547,20,31,22.40625,32,193,2.257812197506996,2
548,19,30,21.066666666666666,30,195,1.7391331558686618,2
549,17,28,18.233333333333334,30,195,1.8722643889226045,2
550,16,28,17.258064516129032,31,195,2.0420522050077734,2
551,14,25,18.655172413793103,29,197,1.5985625931687832,2
552,14,25,18.96551724137931,29,197,1.9275397821982885,2
553,14,26,18.6,30,197,1.9767190820080967,2
554,13,24,19.689655172413794,29,198,1.9096773233289872,2
555,13,24,20.137931034482758,29,198,2.141401930249569,2
556,14,26,19.9,30,198,2.2196971039896907,2
557,14,25,20.366666666666667,30,198,2.5580738631019604,2
558,15,27,20.866666666666667,30,198,2.878521605721246,2
559,15,27,21.366666666666667,30,198,2.9856579691065703,2
560,16,29,21.161290322580644,31,198,3.0398913657112097,2
561,16,28,21.677419354838708,31,198,3.4160491283180194,2
562,17,30,21.5,32,198,3.629530174592366,2
563,16,28,23.466666666666665,30,200,3.413390717915894,2
564,16,28,24.0,30,200,3.7986508877323355,2
565,17,30,25.379310344827587,29,202,3.336500335212891,2
566,16,28,25.93103448275862,29,202,3.6286524893400984,2
567,17,30,26.482758620689655,29,203,3.338134053793848,2
568,17,30,27.03448275862069,29,204,2.9720882886164435,3
569,16,28,28.571428571428573,28,205,2.758491653794317,3
570,16,28,30.22222222222222,27,206,2.447457333122484,3
571,17,30,32.03846153846154,26,207,2.027074067130989,3
572,18,31,32.73076923076923,26,207,2.0561196368117414,4
573,17,28,28.32,25,208,1.7650412189174467,4
574,17,28,20.925925925925927,27,208,1.5684736236477892,4
575,15,24,15.962962962962964,27,209,1.0530269691360221,4
576,12,18,11.25925925925926,27,209,1.1931762360169327,4
577,13,20,7.758620689655173,29,209,1.4176718285238308,4
578,10,14,6.0344827586206895,29,209,1.6932489536505135,4
579,10,14,6.379310344827586,29,209,2.112057084771906,4
580,11,16,6.5,30,209,2.381044484785828,4
581,10,14,6.833333333333333,30,209,2.4091427471613582,4
582,11,15,7.2,30,209,2.489576331011862,4
583,12,17,7.566666666666666,30,209,2.8326667755624992,4
584,13,19,7.709677419354839,31,209,3.138409501420826,4
585,12,17,8.096774193548388,31,209,3.5309416489670284,4
586,12,17,8.766666666666667,30,210,3.394457393029089,4
587,13,19,8.870967741935484,31,210,3.460588843703156,4
588,13,18,9.290322580645162,31,210,3.730205796221597,4
589,14,20,9.741935483870968,31,210,3.9528358459467188,4
590,14,20,10.89655172413793,29,212,3.677058449463503,4
591,15,22,11.0,30,212,3.775594787305849,4
592,15,22,11.466666666666667,30,213,3.456694119158999,4
593,15,21,12.379310344827585,29,214,3.265046889175536,4
594,15,21,12.89655172413793,29,214,3.373575073675065,5
595,16,22,13.928571428571429,28,215,3.1800653304046995,5
596,17,24,14.0,29,215,3.22660636818435,5
597,16,22,15.071428571428571,28,216,3.0369411736425387,5
598,16,22,15.642857142857142,28,216,3.236273420375352,6
599,16,23,12.035714285714286,28,217,2.911052734337222,6
600,13,19,11.923076923076923,26,219,2.5766473153169303,6
601,12,18,11.26923076923077,26,219,2.815979361182392,6
602,12,18,11.192307692307692,26,219,2.9878271938110723,6
603,13,20,11.653846153846153,26,220,2.5266798416618217,6
604,13,19,13.166666666666666,24,222,1.6035261700918442,6
605,14,21,13.75,24,222,1.6748843461154737,6
606,15,22,14.375,24,222,1.898093126871828,6
607,15,22,15.0,24,222,2.2144753438719094,6
608,16,24,15.0,25,222,2.225238240380251,6
609,15,22,15.6,25,222,2.2962030275369982,6
610,16,23,16.24,25,222,2.3085273961910566,6
611,18,27,15.62962962962963,27,222,2.175300833523458,6
612,16,23,16.846153846153847,26,223,1.7733998507144233,6
613,17,25,17.5,26,223,1.977112774421343,6
614,17,25,18.153846153846153,26,223,2.0793933835849585,6
615,18,27,18.807692307692307,26,224,1.660056203195966,6
616,18,27,18.74074074074074,27,224,1.6040667170436933,6
617,19,29,18.714285714285715,28,224,1.6445627645826104,6
618,18,27,20.074074074074073,27,225,1.4235668556870953,6
619,18,27,20.74074074074074,27,225,1.6064281014626411,6
620,18,27,21.40740740740741,27,225,1.8242943824885816,7
621,18,27,22.074074074074073,27,225,1.9799089371612895,7
622,19,29,21.928571428571427,28,225,2.0466284087013342,7
623,18,27,22.571428571428573,28,225,2.10500025002801,7
624,18,27,24.074074074074073,27,226,1.8672369275794676,0
625,14,21,16.62962962962963,27,226,1.9409468828878034,0
626,15,23,12.758620689655173,29,226,1.8590018069744123,0
627,13,19,11.821428571428571,28,227,1.6408761104881862,0
628,13,18,10.678571428571429,28,227,1.6280016790057592,0
629,14,19,10.285714285714286,28,228,1.3412869793143074,0
630,14,18,10.678571428571429,28,228,1.6298019516057356,0
631,14,18,11.178571428571429,28,228,1.9589285899052755,0
632,14,18,11.678571428571429,28,228,2.3196325305048453,0
633,16,21,11.793103448275861,29,228,2.516174126703442,0
634,15,20,11.833333333333334,30,228,2.7835855918124652,0
635,15,20,11.903225806451612,31,228,2.8955731943813623,0
636,14,18,12.35483870967742,31,228,3.055994131925495,0
637,15,20,12.806451612903226,31,229,2.797946249303911,0
638,16,21,13.32258064516129,31,229,2.9290361997938796,0
639,16,22,13.774193548387096,31,230,2.6849253622045284,0
640,16,21,14.766666666666667,30,231,2.48381765953391,0
641,16,21,15.3,30,231,2.6378848823498746,0
642,17,23,16.379310344827587,29,233,2.0794550157616936,0
643,16,21,16.93103448275862,29,233,2.3092064999020163,0
644,19,26,16.933333333333334,30,234,2.0174401593292157,0
645,17,22,17.5,30,234,2.245049307033125,0
646,17,22,18.066666666666666,30,234,2.1988825969310173,1
647,18,24,18.032258064516128,31,234,2.014620752312616,1
648,20,27,18.64516129032258,31,235,1.7236100224695148,1
649,19,25,19.9,30,236,1.6455841509437685,1
650,19,25,21.24137931034483,29,237,1.482246817826883,2
651,18,25,16.82758620689655,29,237,1.7149542441281362,2
652,17,25,13.166666666666666,30,237,1.8396689933623092,2
653,16,25,9.5,32,237,1.5932478423826846,2
654,13,21,7.75,32,237,1.449030281794714,2
655,14,23,7.40625,32,237,1.5477516329337089,2
656,17,28,7.90625,32,238,1.1759042102637733,2
657,17,28,8.4375,32,238,1.1995883540601937,2
658,17,29,8.606060606060606,33,238,1.2218074857933816,2
659,16,27,9.090909090909092,33,238,1.434440939880792,2
660,18,31,9.636363636363637,33,238,1.6876442166012022,2
661,18,31,10.181818181818182,33,238,1.9187340591421818,2
662,18,31,10.727272727272727,33,238,2.160556691584119,2
663,19,33,10.941176470588236,34,238,2.29336162380953,2
664,19,33,11.142857142857142,35,238,2.3594943429998643,2
665,19,33,11.685714285714285,35,238,2.5845195107606362,2
666,20,35,11.88888888888889,36,238,2.700571333360181,2
667,19,33,12.771428571428572,35,239,2.6914976317313535,2
668,20,35,12.944444444444445,36,239,2.8156989427157346,2
669,20,35,13.108108108108109,37,239,2.9050765094081865,2
670,19,33,13.621621621621621,37,239,3.0254642294010603,2
671,20,34,14.555555555555555,36,240,3.0143908459946944,2
672,20,34,15.11111111111111,36,240,3.268818185914156,3
673,20,34,16.114285714285714,35,241,2.9234079312068015,3
674,22,37,16.714285714285715,35,242,2.6939579813707346,3
675,21,35,17.823529411764707,34,243,2.532139977242973,3
676,23,39,17.942857142857143,35,243,2.500431916021532,4
677,20,33,17.147058823529413,34,244,2.41962468056474,4
678,20,33,15.941176470588236,34,244,2.6136361486554383,4
679,21,34,14.970588235294118,34,245,2.4677652205119562,4
680,19,30,14.484848484848484,33,246,2.2669898117844514,4
681,18,28,14.15625,32,247,2.124006435073748,4
682,19,29,13.242424242424242,33,247,2.2464944736911163,4
683,17,25,13.612903225806452,31,249,1.8116305993907837,4
684,18,26,14.193548387096774,31,249,1.9725495157642035,4
685,18,25,14.266666666666667,30,250,1.8720957506393268,4
686,18,25,13.419354838709678,31,250,2.182535397203041,4
687,16,21,13.064516129032258,31,250,2.6014777075727857,4
688,17,23,13.15625,32,250,2.910257464235512,4
689,16,21,14.096774193548388,31,251,2.9462214146945302,4
690,16,21,14.612903225806452,31,251,3.251474047034225,4
691,16,21,15.129032258064516,31,251,3.322487428175295,4
692,17,23,15.64516129032258,31,252,2.9667411317602443,4
693,17,23,15.65625,32,252,2.9611536599444266,4
694,16,21,16.677419354838708,31,253,2.808308439234907,4
695,18,24,16.6875,32,253,2.8408288598220093,4
696,17,22,17.21875,32,253,2.993835816307543,4
697,19,25,17.242424242424242,33,253,3.013428695945664,4
698,19,25,18.375,32,254,2.958779117064369,5
699,21,29,17.852941176470587,34,254,2.8407167152689508,5
700,19,25,18.96969696969697,33,255,2.6731772357097086,5
701,19,25,19.545454545454547,33,255,2.748773066038399,5
702,20,27,20.75,32,257,1.9514383371671444,6
703,19,27,17.0,32,258,1.5618086382543543,6
704,18,25,15.6875,32,258,1.8341942197937424,6
705,18,26,14.46875,32,258,2.091063132967421,6
706,17,25,13.40625,32,258,2.3521103554243337,6
707,17,26,12.875,32,259,2.1745618695194606,6
708,17,26,12.46875,32,260,1.9617370506185734,6
709,16,25,11.727272727272727,33,260,2.018770339545799,6
710,15,23,12.181818181818182,33,260,1.8547000489757919,6
711,17,27,12.696969696969697,33,260,1.8384946860430715,6
712,20,32,12.882352941176471,34,260,2.022166626239924,6
713,19,30,13.441176470588236,34,260,2.183211307791117,6
714,20,32,13.6,35,260,2.132119750187114,6
715,21,34,13.777777777777779,36,260,2.1484822953741185,6
716,21,33,14.36111111111111,36,260,2.273301132284593,6
717,22,35,14.54054054054054,37,260,2.4302876646811753,6
718,22,35,14.710526315789474,38,260,2.5165488177836806,6
719,21,33,15.675675675675675,37,261,2.3486667771549383,6
720,22,35,16.27027027027027,37,261,2.4620847082345714,6
721,23,37,16.42105263157895,38,261,2.613092378888795,6
722,23,37,17.486486486486488,37,262,2.538527795353441,6
723,23,37,18.61111111111111,36,263,2.394591405492031,6
724,24,38,19.82857142857143,35,264,2.1288493243418443,7
725,26,42,19.405405405405407,37,264,2.18768471622172,7
726,24,38,20.61111111111111,36,265,1.8699823793472328,7
727,24,38,21.27777777777778,36,265,1.7917743662231524,7
728,26,41,22.0,36,265,1.806606104324805,0
729,23,37,15.243243243243244,37,265,1.80993169954533,0
730,20,33,10.210526315789474,38,265,1.9045959061555608,0
731,16,26,8.026315789473685,38,265,2.107944221795234,0
732,14,22,7.378378378378378,37,266,2.08557502120059,0
733,16,25,7.578947368421052,38,266,2.3015953296394143,0
734,16,25,7.342105263157895,38,268,1.9220869671756255,0
735,15,23,7.128205128205129,39,268,2.1245495446973726,0
736,14,21,7.684210526315789,38,269,2.1303950899552286,0
737,15,22,8.078947368421053,38,269,2.2983138336189675,0
738,16,24,8.5,38,269,2.568581665847296,0
739,16,24,8.921052631578947,38,269,2.7992953682008626,0
740,17,26,9.102564102564102,39,269,3.0650962471817382,0
741,16,24,9.512820512820513,39,269,3.3772702736085556,0
742,16,24,9.923076923076923,39,269,3.631449102259953,0
743,16,24,10.605263157894736,38,270,3.6915430381545575,0
744,17,26,10.743589743589743,39,270,3.949454649748864,0
745,17,26,11.447368421052632,38,272,3.6551716158889396,0
746,16,24,11.868421052631579,38,272,3.8861534961404836,0
747,16,24,12.972222222222221,36,274,3.6118019758027966,0
748,17,25,13.444444444444445,36,274,3.903564066690379,0
749,18,27,13.916666666666666,36,275,3.7546272208440663,0
750,17,25,14.38888888888889,36,275,3.936012820782255,1
751,18,27,15.314285714285715,35,276,3.9434400551778204,1
752,19,29,16.294117647058822,34,278,3.8317893614710927,1
753,18,27,17.875,32,280,3.5408389943129213,1
754,18,27,18.4375,32,280,3.752326933856029,2
755,16,25,18.20689655172414,29,283,3.0304893643680195,2
756,15,24,17.285714285714285,28,284,2.674355506866125,2
757,15,25,16.035714285714285,28,285,2.329868398136235,2
758,13,22,15.407407407407407,27,286,2.124067007251316,2
759,15,26,16.576923076923077,26,287,2.0156430540596046,2
760,15,26,17.153846153846153,26,287,2.191390053462245,2
761,16,28,17.73076923076923,26,288,1.8094407601260163,2
762,17,29,17.666666666666668,27,288,1.9847485817450092,2
763,16,27,18.25925925925926,27,288,2.306133468573047,2
764,16,27,18.85185185185185,27,288,2.524011326423482,2
765,16,27,19.444444444444443,27,288,2.7395552788895654,2
766,17,29,19.321428571428573,28,288,2.732217718835975,2
767,17,29,19.20689655172414,29,288,2.7019453584144686,2
768,17,29,19.75862068965517,29,289,2.281906566631392,2
769,17,29,20.344827586206897,29,289,2.4180167846478735,2
770,17,29,20.93103448275862,29,289,2.525702531066756,2
771,18,30,22.321428571428573,28,290,2.482785118770242,2
772,18,30,23.814814814814813,27,291,2.3084962226768737,2
773,19,32,24.48148148148148,27,292,2.0416511639791146,2
774,18,30,25.14814814814815,27,292,2.2512578004721715,2
775,18,30,26.807692307692307,26,293,2.022934205000744,2
776,19,32,26.48148148148148,27,293,1.896150077890501,3
777,19,32,26.178571428571427,28,293,1.704784919149548,3
778,19,32,25.896551724137932,29,293,1.4770818643067147,3
779,20,33,26.586206896551722,29,293,1.514489100865501,3
780,20,33,27.275862068965516,29,293,1.5540539604227588,4
781,18,29,25.035714285714285,28,294,1.369550929975453,4
782,18,28,22.0,29,294,1.2394607341197794,4
783,18,28,20.103448275862068,29,295,0.9646109138768586,4
784,16,24,18.24137931034483,29,295,1.0616803102491312,4
785,15,22,16.586206896551722,29,295,1.2846027846762207,4
786,15,21,15.172413793103448,29,295,1.564227572289584,4
787,16,23,12.96774193548387,31,295,1.714714583736979,4
788,14,19,13.419354838709678,31,295,2.0501690723481643,4
789,14,19,11.8125,32,295,2.3282712168066864,4
790,13,17,12.21875,32,295,2.5028767328720667,4
791,13,17,12.625,32,295,2.647057914751631,4
792,14,19,12.636363636363637,33,295,2.5761589586257716,4
793,14,19,13.06060606060606,33,295,2.576079090043703,4
794,17,24,13.545454545454545,33,296,2.3303882229476773,4
795,18,26,13.228571428571428,35,296,2.317865201018243,4
796,17,24,13.305555555555555,36,296,2.4891658571754727,4
797,16,22,13.75,36,296,2.6289077796538236,4
798,18,25,13.837837837837839,37,296,2.7796796589392647,4
799,17,23,14.297297297297296,37,296,3.0338968398991786,4
800,17,23,15.166666666666666,36,297,3.065348257330548,4
801,17,23,15.63888888888889,36,297,3.2765216108070816,4
802,18,25,16.11111111111111,36,298,2.9581701025335474,5
803,19,27,15.710526315789474,38,298,2.782461761185546,5
804,18,25,15.743589743589743,39,298,2.6887866006528425,5
805,20,27,16.68421052631579,38,299,2.4532923244550546,5
806,21,29,17.7027027027027,37,300,2.26759038594127,6
807,19,27,14.054054054054054,37,300,2.3870051997874846,6
808,20,30,12.54054054054054,37,301,2.171715944668643,6
809,18,27,11.694444444444445,36,302,2.0156054434688766,6
810,21,34,10.552631578947368,38,302,2.190891755980766,6
811,20,32,11.378378378378379,37,303,2.214548778080475,6
812,21,34,11.605263157894736,38,303,2.3001304380748073,6
813,20,32,12.45945945945946,37,304,2.1689457964437113,6
814,22,35,12.68421052631579,38,304,2.086171321615671,6
815,22,35,13.621621621621621,37,305,1.772949990084611,6
816,23,37,13.842105263157896,38,305,1.6725259152208707,6
817,24,39,14.076923076923077,39,305,1.8187733815372782,6
818,25,40,14.717948717948717,39,305,2.020916778891188,6
819,26,42,15.384615384615385,39,305,2.169526445181177,6
820,26,42,16.473684210526315,38,306,2.068315219745419,6
821,27,44,16.71794871794872,39,306,2.177446386444045,6
822,26,42,17.384615384615383,39,306,2.292401596895827,6
823,27,44,18.05128205128205,39,307,2.1130078111607054,6
824,26,42,18.71794871794872,39,307,2.123097118146192,6
825,27,44,19.92105263157895,38,308,1.908507691843204,6
826,27,44,21.18918918918919,37,309,1.5998675491239998,6
827,29,47,21.36842105263158,38,309,1.6901673131880912,6
828,28,45,22.7027027027027,37,310,1.483622566365535,7
829,28,45,23.45945945945946,37,310,1.5161328346721679,7
830,29,47,23.57894736842105,38,310,1.3830642177136603,7
831,28,45,24.31578947368421,38,310,1.4107164664817737,7
832,29,47,25.07894736842105,38,310,1.380438908239534,0
833,28,46,18.128205128205128,39,310,1.4001557178395991,0
834,24,40,13.45,40,310,1.5836316107414168,0
835,20,33,11.23076923076923,39,311,1.5685467255714867,0
836,18,29,10.81578947368421,38,312,1.6531886192290766,0
837,17,27,11.157894736842104,38,312,1.8794067691537883,0
838,17,27,11.91891891891892,37,313,1.8717502463642681,0
839,18,29,12.052631578947368,38,313,2.175773372846502,0
840,18,28,12.864864864864865,37,314,2.261429168755238,0
841,19,30,13.0,38,314,2.5007217552429286,0
842,18,28,13.473684210526315,38,314,2.856723528262498,0
843,20,32,13.25,40,314,3.0761425118613595,0
844,19,30,13.365853658536585,41,314,3.4027532517429617,0
845,18,28,13.804878048780488,41,314,3.7815670643653023,0
846,18,28,14.24390243902439,41,314,4.154749465960228,0
847,18,28,15.05,40,315,4.180676237830665,0
848,20,32,15.525,40,316,3.9165518542419284,0
849,19,30,16.842105263157894,38,318,3.6121056688861857,0
850,23,37,16.5,40,319,3.2648174044100164,0
851,21,32,17.92105263157895,38,321,2.966117917774406,0
852,21,32,18.473684210526315,38,321,3.219434520256122,0
853,22,34,19.54054054054054,37,323,2.918292853303056,0
854,22,34,21.91176470588235,34,326,2.3266078334610008,1
855,22,34,22.558823529411764,34,326,2.471528670717401,1
856,22,34,23.205882352941178,34,326,2.5245441373595856,1
857,23,36,23.852941176470587,34,327,2.2792088603777767,1
858,23,35,25.272727272727273,33,328,2.180336732139971,2
859,21,33,22.625,32,329,2.0873076365785854,2
860,19,31,20.774193548387096,31,330,1.7111259356754749,2
861,17,29,19.451612903225808,31,330,1.5862268761028733,2
862,18,33,17.303030303030305,33,330,1.3978277704445743,2
863,17,31,17.818181818181817,33,330,1.3731375310127625,2
864,18,32,18.363636363636363,33,330,1.359921338757399,2
865,20,35,18.96969696969697,33,330,1.3527592391718508,2
866,20,35,19.575757575757574,33,330,1.420554926277189,2
867,20,35,20.181818181818183,33,330,1.6219620664890269,2
868,22,38,20.205882352941178,34,330,1.7719325293055854,2
869,22,38,20.228571428571428,35,330,1.9314460798860995,2
870,21,36,20.82857142857143,35,330,2.1035597342251187,2
871,21,36,21.428571428571427,35,330,2.118827000908025,2
872,22,38,22.705882352941178,34,331,1.7870637247588368,2
873,25,44,22.083333333333332,36,331,1.8138260121072831,2
874,23,40,22.72222222222222,36,331,2.006742731743884,2
875,24,42,23.36111111111111,36,332,1.898473271367661,2
876,23,40,24.0,36,332,2.0622044392739145,2
877,23,40,25.34285714285714,35,333,1.9436690524973008,2
878,24,42,25.27777777777778,36,333,1.936216592024599,2
879,24,42,25.916666666666668,36,334,1.6370040477033507,2
880,24,42,26.583333333333332,36,334,1.7469347376400206,3
881,24,42,28.02857142857143,35,335,1.4287227104304578,3
882,25,44,28.742857142857144,35,335,1.5087251196678289,3
883,26,45,29.485714285714284,35,335,1.6179369785316566,3
884,27,47,30.228571428571428,35,336,1.4662040883311183,4
885,24,41,26.37142857142857,35,336,1.490521412894274,4
886,22,37,22.82857142857143,35,336,1.5518090734704293,4
887,20,33,20.205882352941178,34,337,1.23479857996053,4
888,19,30,17.323529411764707,34,337,0.9540901767714359,4
889,20,32,14.257142857142858,35,337,0.8281398268653525,4
890,19,29,12.323529411764707,34,338,0.6659232618506493,4
891,18,27,10.852941176470589,34,338,0.7231786800841724,4
892,18,27,11.382352941176471,34,338,0.9287733372777046,4
893,18,27,11.911764705882353,34,338,1.1589863284446247,4
894,19,29,12.085714285714285,35,338,1.3289999368193546,4
895,19,29,12.628571428571428,35,338,1.573143384261663,4
896,19,29,13.17142857142857,35,338,1.856005648321412,4
897,20,31,13.333333333333334,36,338,2.0491324639821893,4
898,20,31,13.486486486486486,37,338,2.2309882154779754,4
899,20,31,13.631578947368421,38,338,2.490807878037326,4
900,19,29,14.131578947368421,38,338,2.759067175544887,4
901,20,31,14.256410256410257,39,338,2.823857030706054,4
902,19,29,14.743589743589743,39,338,3.031329401096396,4
903,20,31,15.631578947368421,38,340,2.6736185522585885,4
904,19,29,16.13157894736842,38,340,2.9255468425956717,4
905,20,30,17.10810810810811,37,341,2.9919182435984246,4
906,21,32,17.18421052631579,38,341,3.1997971197742876,5
907,20,30,17.710526315789473,38,341,3.417176501214043,5
908,20,30,18.236842105263158,38,341,3.381712987630421,5
909,20,30,19.805555555555557,36,343,2.9451697779413073,5
910,20,30,20.36111111111111,36,343,3.0383316107150122,6
911,21,34,17.083333333333332,36,344,2.9502268759667447,6
912,19,31,15.147058823529411,34,346,2.583727378048417,6
913,18,30,14.794117647058824,34,346,2.487361991522255,6
914,18,30,14.558823529411764,34,346,2.443155021769039,6
915,19,31,16.0625,32,348,1.8983897546447672,6
916,21,34,16.6875,32,349,1.8021510927422206,6
917,20,32,17.3125,32,349,2.0652068004162856,6
918,20,32,19.133333333333333,30,351,1.674363980106049,6
919,21,34,19.161290322580644,31,351,1.841846598499309,6
920,21,34,19.1875,32,351,1.84799493785668,6
921,20,32,19.8125,32,351,1.992129984619356,6
922,22,36,19.848484848484848,33,351,2.107577534986092,6
923,22,36,19.88235294117647,34,351,2.175384119352808,6
924,21,34,21.12121212121212,33,352,1.9758686622717152,6
925,21,34,21.757575757575758,33,352,2.190234729532622,6
926,21,34,22.393939393939394,33,352,2.4082954402594017,6
927,22,36,23.03030303030303,33,353,2.2832454277100083,6
928,21,34,24.40625,32,354,2.2262940379588505,6
929,21,34,25.870967741935484,31,355,2.126698728387172,6
930,21,34,26.548387096774192,31,355,2.2115505750566524,6
931,21,34,27.225806451612904,31,355,2.067757714912816,6
932,23,38,27.967741935483872,31,355,1.9640321741908642,7
933,25,42,26.96969696969697,33,355,1.6799211802001206,7
934,23,38,27.666666666666668,33,355,1.4856609058910049,7
935,23,38,29.25,32,356,1.1100793592795113,7
936,26,44,29.12121212121212,33,356,1.1594920205815884,0
937,22,37,21.060606060606062,33,356,1.3599777128355175,0
938,20,34,16.96969696969697,33,357,1.2985161941229633,0
939,17,28,14.181818181818182,33,357,1.600734783032983,0
940,16,26,11.393939393939394,33,358,1.5567332688235802,0
941,15,24,11.848484848484848,33,358,1.7366225286311279,0
942,14,22,9.727272727272727,33,359,1.598170023868415,0
943,12,18,8.303030303030303,33,359,1.9324017942277119,0
944,14,22,8.17142857142857,35,359,2.1842820500728712,0
945,13,20,8.277777777777779,36,359,2.534617551472412,0
946,12,18,8.61111111111111,36,359,2.9399882315881936,0
947,13,19,8.972222222222221,36,359,3.2743229115663905,0
948,14,22,8.789473684210526,38,359,3.380145197894743,0
949,13,20,9.131578947368421,38,359,3.705547836380787,0
950,13,20,9.72972972972973,37,360,3.7397609600225414,0
951,13,20,10.08108108108108,37,360,3.835043902541191,0
952,14,22,10.157894736842104,38,360,3.685535658937869,0
953,15,22,11.13888888888889,36,362,3.09693350167765,0
954,17,24,11.942857142857143,35,363,2.9822957204812246,0
955,18,26,12.428571428571429,35,364,2.5755142993743,0
956,18,25,13.323529411764707,34,365,2.4948707847086786,0
957,19,27,13.457142857142857,35,365,2.5093609608849823,0
958,18,25,13.971428571428572,35,365,2.7217052945660813,1
959,19,27,14.514285714285714,35,365,2.87326516310416,1
960,19,27,15.057142857142857,35,365,2.8530832465511367,1
961,21,30,15.628571428571428,35,366,2.525086676219769,1
962,20,28,16.2,35,366,2.512062885846426,2
963,20,29,13.411764705882353,34,367,2.3922697255963032,2
964,19,29,11.0,34,368,2.177058572401584,2
965,17,27,9.617647058823529,34,369,2.210827950236254,2
966,16,26,9.151515151515152,33,370,2.2959859323162313,2
967,15,26,8.588235294117647,34,370,2.5488649983701244,2
968,12,22,9.21875,32,372,2.260777876409774,2
969,12,22,9.903225806451612,31,373,2.2934970444111538,2
970,12,22,10.633333333333333,30,374,2.2498221056523495,2
971,14,26,10.709677419354838,31,374,2.454115451641372,2
972,14,26,11.161290322580646,31,374,2.6875393606975124,2
973,14,26,11.612903225806452,31,374,2.9426649395562934,2
974,14,26,12.064516129032258,31,374,3.1698026464566347,2
975,16,29,12.15625,32,374,3.242149553518304,2
976,15,27,13.03225806451613,31,375,3.0740076148031856,2
977,17,31,13.125,32,375,3.1904324395124197,2
978,16,29,13.625,32,375,3.484275450082704,2
979,17,31,14.612903225806452,31,376,3.3744889747936204,2
980,17,31,15.161290322580646,31,376,3.501613941207581,2
981,18,33,15.709677419354838,31,377,3.3263933094797964,2
982,18,32,16.833333333333332,30,378,3.3082189066457044,2
983,19,34,16.870967741935484,31,378,3.4095922838342685,2
984,18,32,18.033333333333335,30,379,3.407461351055994,3
985,19,34,19.275862068965516,29,381,2.946669768008572,3
986,19,34,19.233333333333334,30,381,2.7035137287455577,3
987,19,34,20.517241379310345,29,383,1.7622431118749087,3
988,20,35,21.20689655172414,29,383,1.734137081333211,4
989,19,33,17.964285714285715,28,384,1.5334191990835309,4
990,17,29,15.0,27,385,1.3018507703241438,4
991,15,25,12.26923076923077,26,386,1.1510669338087594,4
992,13,21,9.346153846153847,26,386,1.3899303132930725,4
993,12,19,7.592592592592593,27,386,1.4954790988682451,4
994,10,15,6.5,28,386,1.6809453832398444,4
995,9,13,6.571428571428571,28,386,2.0066043252180266,4
996,10,15,6.655172413793103,29,386,2.3690353161709026,4
997,9,13,6.9655172413793105,29,386,2.791654423300058,4
998,9,13,7.275862068965517,29,386,3.2160799683772185,4
999,9,13,7.586206896551724,29,386,3.611209921139688,4
