Step,WaitingVehicles,QueueLength,AvgWaitTime,TotalVehicles,CumulativeThroughput,AvgSpeed
0,0,0,0,0,0,0
1,1,2,0.0,1,0,0.0
2,0,0,0.0,1,0,1.1624873877153732
3,1,2,0.0,2,0,1.1070859164465219
4,0,0,0.0,2,0,1.8140567760565318
5,0,0,0.0,2,0,2.99785447519389
6,0,0,0.0,2,0,3.8663199148722924
7,2,4,0.0,4,0,2.4002821775939083
8,0,0,0.0,4,0,3.3215966089774156
9,0,0,0.0,4,0,4.286298086008173
10,1,2,0.0,5,0,4.076742013357579
11,0,0,0.0,5,0,4.85904607126955
12,1,2,0.0,6,0,4.682068627314099
13,0,0,0.0,6,0,5.574094341439195
14,1,2,0.0,7,0,5.51695561962302
15,0,0,0.0,7,0,6.228311760556498
16,0,0,0.0,7,0,6.951412130725184
17,0,0,0.0,7,0,6.911542663493009
18,1,2,0.0,8,0,6.002158330172197
19,0,0,0.0,8,0,5.930885221218687
20,1,1,0.125,8,0,5.970391515419923
21,1,1,0.25,8,0,5.677781993209805
22,2,3,0.375,8,1,3.5304397664602156
23,1,1,0.5,8,1,3.4004914901159218
24,3,4,0.875,8,1,3.8007878888296966
25,3,4,1.25,8,1,3.6794727208847595
26,3,4,1.625,8,1,3.677699155066561
27,4,6,1.7777777777777777,9,1,3.0856795690879517
28,4,5,2.2222222222222223,9,1,3.237299955434037
29,4,5,2.6666666666666665,9,1,3.1452047571311255
30,4,5,3.111111111111111,9,1,3.0214423320776707
31,5,7,3.2,10,1,2.826067066857121
32,5,7,3.7,10,1,2.645517210146714
33,6,9,3.8181818181818183,11,1,2.2555940294655916
34,5,7,4.2727272727272725,11,1,2.4796469480615118
35,5,7,4.7272727272727275,11,1,2.670291205998042
36,6,9,5.2727272727272725,11,1,2.9070252256889257
37,7,11,5.333333333333333,12,1,2.7092417644886218
38,6,9,6.363636363636363,11,2,1.8407064358073095
39,6,9,6.909090909090909,11,2,1.816304159864397
40,7,11,7.545454545454546,11,2,2.0534265888352703
41,8,13,7.5,12,2,1.9447750652548983
42,9,15,7.538461538461538,13,2,1.6191538293119119
43,8,13,8.076923076923077,13,2,1.5255873359327217
44,8,13,8.692307692307692,13,2,1.8351581406578552
45,8,13,9.307692307692308,13,2,2.1066250550141845
46,10,17,8.6,15,2,1.796684648372122
47,8,13,9.133333333333333,15,2,1.9060939175348859
48,8,13,9.666666666666666,15,2,1.84006969416861
49,9,14,10.266666666666667,15,2,1.817308397261943
50,11,18,10.25,16,2,1.673999910995777
51,11,18,10.235294117647058,17,2,1.5233318226795602
52,11,18,10.882352941176471,17,2,1.6391000763180559
53,11,18,11.529411764705882,17,2,1.9527571396923846
54,10,16,9.166666666666666,18,2,2.1868997677890585
55,8,12,9.444444444444445,18,2,2.366364586648887
56,9,14,9.368421052631579,19,2,2.1855357391665486
57,9,13,9.842105263157896,19,2,2.1280279616752846
58,9,13,10.31578947368421,19,2,2.1789302855324877
59,10,14,10.842105263157896,19,2,2.4434089571578697
60,11,16,10.8,20,2,2.6588941571310825
61,11,16,10.761904761904763,21,2,2.6572370315513707
62,10,14,11.238095238095237,21,2,2.8549112520012105
63,11,16,11.761904761904763,21,2,2.929923812444388
64,11,15,12.285714285714286,21,2,2.6968024979063694
65,10,14,12.666666666666666,21,2,2.648011366214156
66,10,14,13.142857142857142,21,2,2.8323097373221877
67,10,15,9.333333333333334,21,2,2.8591170548007128
68,10,17,7.090909090909091,22,2,2.8858448382426003
69,9,15,6.954545454545454,22,2,3.1790698388496494
70,9,15,7.714285714285714,21,3,3.0635281975466415
71,10,17,8.142857142857142,21,4,2.663406691353725
72,9,15,9.473684210526315,19,6,1.8107539687840504
73,11,19,9.5,20,6,1.9206368315036522
74,10,17,10.0,20,6,2.0858297766118783
75,10,17,10.5,20,6,2.1769157119637987
76,10,17,11.0,20,6,2.2446083180896266
77,12,21,11.0,21,6,2.1869392078334764
78,11,19,11.523809523809524,21,6,2.162013878581718
79,13,21,12.142857142857142,21,6,2.413535427102669
80,13,21,12.761904761904763,21,6,2.622734516007128
81,10,17,6.590909090909091,22,6,2.897785235225962
82,7,12,2.8260869565217392,23,6,3.2634013448232
83,4,7,1.7391304347826086,23,6,3.8514222228737394
84,3,5,1.7142857142857142,21,8,3.657304837523972
85,4,7,1.7727272727272727,22,8,3.7898064051593665
86,4,7,1.9090909090909092,22,9,3.4380744113400894
87,3,5,2.0454545454545454,22,9,3.8410506689863513
88,3,5,2.2857142857142856,21,10,3.828766997308211
89,5,8,2.3636363636363638,22,10,4.204431026350763
90,4,6,2.5454545454545454,22,10,4.811046101701677
91,4,6,2.727272727272727,22,10,5.416197945090181
92,4,6,2.909090909090909,22,10,5.974604946322436
93,5,8,2.9565217391304346,23,10,6.2569710058595795
94,4,6,3.272727272727273,22,11,6.382482023442562
95,5,8,3.3043478260869565,23,11,6.467135791062702
96,4,6,3.4782608695652173,23,11,6.713844214356662
97,6,9,4.0476190476190474,21,14,5.926737810368345
98,5,7,4.7368421052631575,19,16,5.726547344147659
99,6,9,5.277777777777778,18,18,4.960972051701781
100,5,7,5.882352941176471,17,19,4.778985273440325
101,5,7,6.176470588235294,17,19,4.851659913791481
102,6,8,6.9375,16,20,4.490643198859447
103,6,8,7.8,15,21,4.189709317017904
104,8,11,7.75,16,21,4.241470870036057
105,7,9,8.733333333333333,15,22,3.81026094202816
106,7,9,9.2,15,22,3.629473434379592
107,8,11,9.0625,16,22,3.2613376368664873
108,9,13,10.2,15,24,2.0374650975062165
109,8,11,10.733333333333333,15,24,2.1962494131520782
110,9,13,11.333333333333334,15,24,2.153468601115499
111,9,13,11.933333333333334,15,24,2.1473974375562666
112,11,16,11.8125,16,24,1.9892245859788245
113,11,16,11.705882352941176,17,24,1.8797016684662666
114,10,14,12.294117647058824,17,24,1.950434754174356
115,10,15,9.666666666666666,18,24,2.121469018556008
116,8,12,10.055555555555555,18,24,2.3157437004925807
117,8,12,10.5,18,24,2.536947460202315
118,9,14,10.368421052631579,19,24,2.628040741093951
119,9,14,10.25,20,24,2.7867821168913762
120,9,14,10.7,20,24,2.9741840058461024
121,10,16,11.15,20,25,2.575199129214986
122,9,14,11.6,20,25,2.956905560114589
123,10,15,12.1,20,25,3.3242636281765625
124,11,17,12.0,21,25,3.357791949994751
125,10,15,12.476190476190476,21,25,3.3638353091511837
126,10,15,12.952380952380953,21,25,2.9846649212419445
127,12,18,13.523809523809524,21,25,2.913356415088402
128,13,20,13.454545454545455,22,25,2.7068126646893798
129,14,21,14.714285714285714,21,27,1.6590300781037237
130,14,21,15.380952380952381,21,27,1.8699983786668124
131,15,23,15.318181818181818,22,27,1.9329886121977375
132,14,21,15.954545454545455,22,27,1.901282413706365
133,14,21,16.59090909090909,22,27,1.607860686312076
134,17,26,17.318181818181817,22,28,0.7319862362352119
135,17,26,17.26086956521739,23,28,0.8619087787272828
136,18,28,17.25,24,28,0.9839883811247877
137,17,26,17.958333333333332,24,28,0.989212529040465
138,17,26,18.666666666666668,24,28,0.9938540561595562
139,18,27,19.416666666666668,24,28,1.1315371253695126
140,21,33,17.925925925925927,27,28,1.1421871927265057
141,18,27,18.59259259259259,27,28,1.2476465200342215
142,18,27,19.25925925925926,27,28,1.292494638918835
143,19,29,19.214285714285715,28,28,1.2856807346796686
144,19,28,19.892857142857142,28,28,1.3857204598703672
145,19,28,20.571428571428573,28,28,1.425480977191299
146,20,30,21.285714285714285,28,28,1.4550466366127832
147,22,34,21.275862068965516,29,28,1.328359975478228
148,21,32,22.0,29,28,0.9997763188230235
149,21,32,17.29032258064516,31,28,0.8200660649797269
150,20,29,15.451612903225806,31,28,0.970701595546347
151,22,33,14.28125,32,28,1.0158853200653186
152,20,29,14.34375,32,28,0.9826791011637378
153,20,28,14.75,32,28,1.0285707557674162
154,22,32,14.727272727272727,33,28,1.0649938044251193
155,20,28,15.212121212121213,33,28,1.2245262243105628
156,20,28,15.757575757575758,33,28,1.309095520553979
157,21,30,16.393939393939394,33,28,1.4041875519690592
158,20,30,12.558823529411764,34,28,1.4910308275911162
159,18,28,10.470588235294118,34,28,1.5397247510446566
160,17,28,8.8,35,28,1.419274620419584
161,15,26,7.914285714285715,35,28,1.509595052264135
162,16,28,7.794117647058823,34,29,1.224276640285415
163,18,32,8.057142857142857,35,29,1.3159350027974357
164,19,33,8.333333333333334,36,29,1.424631906625726
165,19,33,8.86111111111111,36,29,1.3887891422649095
166,21,36,9.714285714285714,35,30,0.9943802645213495
167,20,34,5.914285714285715,35,30,1.0707104474324562
168,19,33,3.8055555555555554,36,30,1.2744687024130148
169,18,29,3.2777777777777777,36,30,1.6055500509518272
170,19,30,3.2432432432432434,37,30,1.8650487107289095
171,19,29,3.7567567567567566,37,30,2.070020567435088
172,19,29,4.27027027027027,37,30,2.213125132685862
173,22,34,4.7105263157894735,38,30,2.382620937953166
174,24,38,5.17948717948718,39,30,2.4346770902235826
175,23,36,5.921052631578948,38,31,2.2230491648879567
176,23,37,6.157894736842105,38,31,2.279527171271495
177,24,40,6.421052631578948,38,32,2.067612358386165
178,25,41,7.078947368421052,38,32,2.1078575257512395
179,27,45,7.7631578947368425,38,33,1.8619719679345683
180,27,44,8.944444444444445,36,35,1.3132965699707329
181,28,46,9.432432432432432,37,35,1.3675724789658357
182,28,46,9.894736842105264,38,35,1.4032051481196852
183,27,44,10.605263157894736,38,35,1.5667606345540905
184,28,46,11.64864864864865,37,36,1.4685596563164038
185,28,46,12.75,36,37,1.2512125157063136
186,29,48,13.162162162162161,37,37,1.2679424512030577
187,29,48,13.552631578947368,38,37,1.377144453788407
188,29,48,14.31578947368421,38,37,1.4398884926120699
189,29,48,15.078947368421053,38,37,1.5109023267005621
190,29,48,15.842105263157896,38,37,1.5231346076729029
191,31,51,16.205128205128204,39,37,1.6162348236740351
192,31,51,17.0,39,37,1.6163695492308416
193,30,49,17.743589743589745,39,37,1.6506394621571825
194,30,49,19.0,38,38,1.4155151190128574
195,31,50,19.81578947368421,38,38,1.4739244573942225
196,32,52,20.63157894736842,38,39,1.1775931123707788
197,31,50,21.44736842105263,38,39,1.2472881618027771
198,32,51,22.289473684210527,38,39,1.3292434191868843
199,33,53,23.13157894736842,38,40,0.8446841015681992
200,32,51,23.973684210526315,38,40,0.669075486119349
201,33,52,25.513513513513512,37,41,0.3093505674226327
202,33,52,26.405405405405407,37,41,0.3579935757010337
203,35,56,26.605263157894736,38,41,0.29750911415081643
204,32,50,25.210526315789473,38,41,0.28270312346713666
205,31,48,23.94736842105263,38,41,0.41595960638663604
206,30,46,23.5,38,41,0.5626127647787156
207,30,46,22.46153846153846,39,41,0.6750424821886042
208,28,42,22.0,39,41,0.8411458411465705
209,28,42,22.71794871794872,39,41,0.9093889749877369
210,27,40,22.205128205128204,39,41,1.0410500996428191
211,27,40,21.71794871794872,39,41,1.1011179804295885
212,26,38,21.205128205128204,39,41,1.1727803849574197
213,25,36,20.692307692307693,39,41,1.3617788532720663
214,26,38,19.775,40,41,1.511355467055017
215,25,36,20.4,40,41,1.584607636919802
216,27,40,20.023809523809526,42,41,1.6004623761471668
217,25,36,20.61904761904762,42,41,1.755735749033498
218,25,36,21.214285714285715,42,41,1.8590338011895269
219,26,37,21.833333333333332,42,41,1.8426194639785765
220,25,37,19.3953488372093,43,41,1.8200687428261084
221,25,39,17.09090909090909,44,41,1.9476576565225743
222,22,35,15.581395348837209,43,42,1.898280614922049
223,24,40,14.522727272727273,44,43,1.785959044696009
224,23,38,15.395348837209303,43,44,1.7511141764895368
225,24,40,16.333333333333332,42,45,1.6307972565005733
226,24,40,16.88095238095238,42,45,1.8178980449480424
227,25,42,17.452380952380953,42,46,1.7162670054506837
228,28,47,17.25,44,46,1.6974214552399625
229,26,44,17.818181818181817,44,46,1.6470613250548936
230,28,47,18.022222222222222,45,46,1.6107081448073037
231,30,50,18.68888888888889,45,46,1.6640701810448257
232,33,54,18.97826086956522,46,46,1.8277402706996682
233,28,46,14.608695652173912,46,46,2.124783627465551
234,24,40,10.521739130434783,46,46,2.4366635437285495
235,20,34,6.956521739130435,46,46,2.7565751579323283
236,18,31,4.911111111111111,45,48,2.4481608942042006
237,15,26,3.8444444444444446,45,48,2.6937138652796455
238,15,25,3.813953488372093,43,50,2.1630262304494097
239,18,30,4.209302325581396,43,51,1.8735144654906577
240,17,28,4.5,42,52,1.570337745376834
241,21,34,5.0,42,52,1.6097405667845928
242,20,34,4.767441860465116,43,52,1.5872710914453658
243,21,37,4.953488372093023,43,52,1.6693511541063673
244,22,38,5.465116279069767,43,52,1.6951440393848045
245,26,45,5.909090909090909,44,52,1.7478560296879986
246,26,44,6.5,44,52,1.821905166653798
247,29,49,7.159090909090909,44,52,1.8819645907904474
248,31,52,7.818181818181818,44,53,1.6893679849836702
249,31,52,8.928571428571429,42,55,1.2446074959584252
250,32,53,9.69047619047619,42,55,1.399646837039943
251,33,55,10.209302325581396,43,55,1.5143520100806827
252,32,53,10.953488372093023,43,55,1.684234132293977
253,32,53,11.69767441860465,43,55,1.8162755266176231
254,33,55,12.159090909090908,44,55,1.7923047770005693
255,33,55,13.209302325581396,43,56,1.5670934770145974
256,34,56,14.333333333333334,42,57,1.4682242036182491
257,34,56,15.142857142857142,42,57,1.5667097828977925
258,35,58,15.581395348837209,43,57,1.5841920201358555
259,34,56,16.761904761904763,42,58,1.3377182911971157
260,34,56,18.0,41,59,1.1321054977768494
261,35,58,19.325,40,60,0.9280957613651644
262,35,58,20.2,40,60,1.0019660157712182
263,36,60,21.075,40,61,0.7564783711350698
264,35,58,21.95,40,61,0.7386168871691456
265,35,58,22.825,40,61,0.7278709175429476
266,35,58,24.307692307692307,39,62,0.38930211829526246
267,37,61,24.6,40,62,0.32860946579601125
268,36,59,25.5,40,62,0.30398577771902663
269,34,55,23.95,40,62,0.2980564885091727
270,34,55,22.26829268292683,41,62,0.37801943991044823
271,32,51,20.69047619047619,42,62,0.5005673019232537
272,30,47,21.142857142857142,42,62,0.6764930651942355
273,28,43,20.61904761904762,42,62,0.8856149560599318
274,28,43,19.697674418604652,43,62,1.0179450827559018
275,26,39,19.232558139534884,43,62,1.0786923570558073
276,25,37,18.767441860465116,43,62,1.1427394652635912
277,27,40,18.931818181818183,44,62,1.3275688126565037
278,26,38,18.068181818181817,44,62,1.522974460945372
279,25,36,18.613636363636363,44,62,1.759231493937032
280,25,36,19.181818181818183,44,62,2.030112387829432
281,25,36,19.75,44,62,2.2354604789908525
282,25,36,20.318181818181817,44,62,2.3978624901526553
283,28,41,20.444444444444443,45,63,2.144919210987808
284,27,39,20.565217391304348,46,63,2.1944187163656186
285,26,37,21.6,45,64,2.1617321566106797
286,27,38,22.2,45,64,2.255205894648073
287,27,38,23.318181818181817,44,65,2.040703343764026
288,28,40,23.4,45,65,2.0733387962050376
289,28,39,24.022222222222222,45,65,2.1714433030331626
290,28,39,24.644444444444446,45,65,2.3210518543238416
291,29,41,26.46511627906977,43,67,2.1424653309644417
292,29,41,27.13953488372093,43,67,2.3188012737143495
293,30,43,27.813953488372093,43,68,2.1393436900483755
294,30,43,28.488372093023255,43,69,2.0470465404502862
295,29,41,29.857142857142858,42,70,1.9579141402864246
296,30,42,30.571428571428573,42,70,2.1278776191700706
297,32,46,30.558139534883722,43,71,1.9426972769976756
298,30,42,32.0,42,72,1.8948846979148963
299,31,44,32.714285714285715,42,73,1.7280348436043649
300,29,42,30.878048780487806,41,74,1.587264976182617
301,28,42,28.214285714285715,42,74,1.6325742064503688
302,26,40,27.071428571428573,42,75,1.3658367792622084
303,26,39,27.69047619047619,42,75,1.4609905995106924
304,27,41,29.024390243902438,41,76,1.3806486784483323
305,28,43,29.70731707317073,41,76,1.559282168376936
306,29,45,30.390243902439025,41,77,1.3246174927992764
307,29,45,30.333333333333332,42,77,1.2775978486719066
308,29,45,31.023809523809526,42,77,1.3002723649145314
309,27,42,24.58139534883721,43,77,1.3735487764512964
310,25,39,18.454545454545453,44,77,1.5685711905583053
311,21,32,13.431818181818182,44,77,1.791446299990951
312,18,27,8.863636363636363,44,77,1.9958125828413065
313,14,21,5.75,44,77,2.043574988224848
314,14,22,3.9767441860465116,43,78,1.768845698741111
315,16,25,3.7954545454545454,44,78,1.7859182006154073
316,17,26,3.2222222222222223,45,78,1.9859273179810448
317,18,27,3.260869565217391,46,78,2.112841238667063
318,15,22,2.6666666666666665,45,79,2.059634434713189
319,17,25,2.688888888888889,45,79,2.0963980429630515
320,18,28,3.0454545454545454,44,80,1.9321706660174094
321,22,33,3.627906976744186,43,81,1.7719549771625835
322,23,35,4.162790697674419,43,81,1.879886012372733
323,25,38,4.613636363636363,44,81,1.8879432788879873
324,25,37,5.181818181818182,44,81,1.9675214930405558
325,27,40,5.930232558139535,43,82,1.7779268417982823
326,28,42,6.902439024390244,41,84,1.2042456908243528
327,29,44,7.404761904761905,42,84,1.108929939451127
328,30,46,8.119047619047619,42,84,1.1756140623033713
329,31,48,8.857142857142858,42,84,1.214166889789394
330,32,50,9.619047619047619,42,84,1.2259712902388773
331,32,50,10.093023255813954,43,84,1.2298877181107037
332,33,52,10.86046511627907,43,84,1.3402668647430784
333,34,54,11.627906976744185,43,85,1.263578372735318
334,33,52,12.69047619047619,42,86,1.130847319744413
335,33,52,13.476190476190476,42,86,1.2188342729233055
336,34,54,14.261904761904763,42,87,0.9286570748768144
337,33,52,15.047619047619047,42,87,0.9660761650295278
338,34,53,15.857142857142858,42,87,1.0691853736725885
339,34,53,16.666666666666668,42,87,1.1519873681373678
340,34,53,17.476190476190474,42,87,1.1966321161554347
341,35,55,17.86046511627907,43,87,1.126705155286573
342,35,55,19.11904761904762,42,88,0.9392995265026947
343,37,59,19.511627906976745,43,88,0.9177267682872011
344,37,59,20.348837209302324,43,89,0.755439225179239
345,36,57,21.186046511627907,43,89,0.6893954256715986
346,36,56,20.209302325581394,43,89,0.6384229352341732
347,35,54,20.404761904761905,42,90,0.5245450195593927
348,34,52,20.261904761904763,42,90,0.6489843775964174
349,33,50,20.609756097560975,41,91,0.521610728169698
350,33,50,20.071428571428573,42,91,0.5321732975991054
351,32,48,19.790697674418606,43,91,0.491203903638175
352,30,44,20.348837209302324,43,91,0.5965750239837506
353,30,45,20.88372093023256,43,91,0.7379651816601485
354,31,47,21.6046511627907,43,91,0.8642488077164274
355,32,48,21.795454545454547,44,91,0.9799436441461201
356,31,46,22.5,44,91,1.1441017400651756
357,31,46,23.204545454545453,44,91,1.336565506535205
358,32,48,23.377777777777776,45,91,1.4851609249434274
359,30,45,23.955555555555556,45,91,1.6888248373595154
360,30,45,24.622222222222224,45,91,1.8608459981846877
361,30,45,25.288888888888888,45,91,1.9253059925185942
362,30,45,26.545454545454547,44,92,1.6615697277960784
363,32,49,26.644444444444446,45,92,1.6364951110786967
364,32,51,24.369565217391305,46,92,1.7159616464031082
365,31,49,24.4,45,93,1.669431320242763
366,31,50,24.636363636363637,44,94,1.534564111578419
367,31,50,25.523809523809526,42,96,1.0645698460198054
368,34,57,24.444444444444443,45,96,0.9628923893147354
369,30,50,25.636363636363637,44,97,0.7920322502329452
370,30,50,26.318181818181817,44,97,0.8411930959223859
371,31,52,27.022727272727273,44,97,0.8367278665960466
372,31,52,27.727272727272727,44,97,0.8593425082995794
373,34,58,27.217391304347824,46,97,0.8318926555425435
374,32,54,27.91304347826087,46,97,0.9102866709518594
375,35,60,28.04255319148936,47,97,1.039182419316457
376,34,58,28.76595744680851,47,97,1.1631790137663789
377,35,60,28.875,48,97,1.1630570853665467
378,34,58,29.583333333333332,48,97,1.3087007329265645
379,36,62,30.3125,48,98,1.0792096779844478
380,36,62,30.408163265306122,49,98,1.061371141054771
381,36,62,31.142857142857142,49,98,1.1993535470713532
382,37,63,31.897959183673468,49,98,1.2678250398537132
383,38,65,33.354166666666664,48,99,1.168200070676462
384,39,67,33.44897959183673,49,99,1.16234800542484
385,34,59,28.571428571428573,49,99,1.2574508733244527
386,31,54,23.73469387755102,49,99,1.3229636349947953
387,27,48,18.877551020408163,49,99,1.4174904826719599
388,26,47,14.28,50,99,1.4476806281784746
389,22,41,11.16,50,99,1.573528822225253
390,21,39,8.46938775510204,49,100,1.4414045876039507
391,22,39,7.1020408163265305,49,100,1.5138117791838086
392,22,39,6.458333333333333,48,101,1.325221013841255
393,24,43,5.387755102040816,49,101,1.296720727441565
394,24,43,5.791666666666667,48,102,1.0850560749224893
395,25,44,6.270833333333333,48,102,1.1363476678979405
396,29,50,6.714285714285714,49,102,1.1913945492762619
397,31,53,7.346938775510204,49,102,1.273009966612186
398,34,58,7.86,50,102,1.2525551525507952
399,35,59,8.56,50,102,1.2275029828154584
400,36,61,9.46938775510204,49,103,1.0525012250365517
401,39,67,10.680851063829786,47,106,0.3661005479916378
402,41,71,11.553191489361701,47,106,0.42979132175029383
403,39,67,10.893617021276595,47,106,0.5410746368735974
404,39,67,10.3125,48,106,0.6499869465111396
405,36,61,9.9375,48,106,0.7073821316333943
406,36,61,9.673469387755102,49,106,0.8333777486271519
407,34,57,9.36734693877551,49,106,1.0089206285678385
408,33,55,9.89795918367347,49,106,1.2076698752980033
409,33,55,9.66,50,106,1.262392615671091
410,31,51,9.66,50,106,1.3004662340922808
411,31,51,9.66,50,107,1.0362902954627264
412,31,50,9.490196078431373,51,107,1.1396140068405065
413,31,49,10.098039215686274,51,107,1.331661671035211
414,31,49,10.705882352941176,51,107,1.5630721102273923
415,31,49,11.313725490196079,51,107,1.7927962604899985
416,33,53,11.471698113207546,53,107,1.9163964514128666
417,32,51,11.833333333333334,54,107,2.130162961579743
418,31,49,12.641509433962264,53,108,2.1115003521701006
419,31,49,13.226415094339623,53,108,2.229878730128451
420,31,49,13.81132075471698,53,108,2.3586892196941185
421,32,50,14.692307692307692,52,109,2.380651081792144
422,33,52,15.018867924528301,53,109,2.517394291266677
423,33,51,15.942307692307692,52,110,2.5242383859963806
424,34,53,16.264150943396228,53,110,2.642502485862682
425,35,55,16.272727272727273,55,110,2.6566775289911013
426,33,51,17.185185185185187,54,111,2.60839658121777
427,34,53,17.814814814814813,54,111,2.73940017392143
428,35,55,18.79245283018868,53,113,2.508415958427789
429,34,53,19.433962264150942,53,113,2.5287447978862807
430,37,57,20.5,52,115,2.1969161716648977
431,36,55,21.607843137254903,51,116,2.108172670801636
432,37,57,22.76,50,118,1.7764239358857257
433,38,59,23.5,50,119,1.6373185446130165
434,36,56,24.632653061224488,49,120,1.5373275953838041
435,36,56,25.367346938775512,49,120,1.6941148357336837
436,36,56,26.645833333333332,48,121,1.4388833976244886
437,37,59,25.26,50,121,1.3871816728705602
438,36,57,26.020833333333332,48,123,1.0819702549578267
439,35,56,26.729166666666668,48,123,1.2432544758440802
440,36,58,27.458333333333332,48,124,1.0795211063346355
441,36,58,27.612244897959183,49,124,1.1258755302530716
442,36,57,28.9375,48,125,0.8969325514807033
443,37,59,29.708333333333332,48,125,0.8068486438212213
444,39,62,30.520833333333332,48,125,0.5878333008610455
445,42,66,30.73469387755102,49,125,0.5464315040027978
446,41,64,31.571428571428573,49,125,0.6313028286336674
447,43,68,31.78,50,125,0.711890831311019
448,42,66,32.62,50,125,0.7597826546920058
449,42,66,33.46,50,125,0.8399326201485041
450,42,66,34.3,50,125,0.9277223475528069
451,42,66,35.14,50,125,1.0191618285493156
452,42,66,35.98,50,125,1.0341533856523275
453,42,66,36.82,50,125,0.9267972678107127
454,44,70,36.94117647058823,51,125,0.8710604668056803
455,43,68,37.78431372549019,51,125,0.9281904975132413
456,44,69,38.64705882352941,51,125,0.9886032098491446
457,44,69,39.509803921568626,51,125,1.0032064283069295
458,44,69,41.18,50,126,0.7448704490563811
459,46,73,41.254901960784316,51,126,0.7676769034951317
460,45,71,42.13725490196079,51,126,0.8366587444870928
461,45,71,43.88,50,127,0.7349590394607961
462,45,71,44.78,50,127,0.7903344783527114
463,46,73,44.78431372549019,51,127,0.8507520299822048
464,45,71,46.58,50,128,0.756776215765676
465,45,71,47.48,50,128,0.8472108077495812
466,45,71,49.36734693877551,49,129,0.6455782081941153
467,45,71,50.285714285714285,49,129,0.6211202050326212
468,45,71,52.270833333333336,48,130,0.3112286588693744
469,45,71,53.208333333333336,48,130,0.2684756758042516
470,46,73,54.166666666666664,48,130,0.11733746061713707
471,42,67,48.395833333333336,48,130,0.07887234331021595
472,40,64,41.816326530612244,49,130,0.1544060295651216
473,37,59,35.48,50,130,0.2791911301514189
474,32,51,29.96,50,130,0.46292725801338475
475,28,45,25.26,50,130,0.7115936415043035
476,26,41,22.72,50,130,0.996185980509331
477,25,41,21.019607843137255,51,130,1.2709583044338917
478,21,34,18.313725490196077,51,130,1.6126400035665103
479,19,30,15.705882352941176,51,130,1.9118899836211083
480,18,28,13.490196078431373,51,130,2.324389728288575
481,16,24,11.411764705882353,51,130,2.7511560540491717
482,15,22,10.673076923076923,52,130,3.097907024723882
483,15,22,10.961538461538462,52,130,3.5662147627510565
484,14,20,11.211538461538462,52,130,3.96620369750999
485,14,20,11.48076923076923,52,130,4.4333785388778475
486,14,20,11.75,52,130,4.845661305980918
487,14,20,12.5,50,132,4.926989171847036
488,16,24,13.061224489795919,49,134,4.93411648723538
489,17,26,13.36734693877551,49,136,4.695662334240503
490,17,26,13.693877551020408,49,137,4.73691428471381
491,16,24,14.3125,48,138,4.858259497263837
492,17,26,14.97872340425532,47,139,5.003581517896731
493,19,30,15.695652173913043,46,141,4.765716036317819
494,18,28,16.42222222222222,45,142,4.8859914232614425
495,18,28,17.15909090909091,44,144,4.770402704358314
496,20,31,17.976744186046513,43,147,4.42204908040172
497,17,26,18.785714285714285,42,148,4.5715592652780845
498,17,26,20.666666666666668,39,151,4.304583440488002
499,18,28,21.102564102564102,39,152,4.29208302100614
500,18,28,22.7027027027027,37,155,3.6911866470378136
501,18,28,23.805555555555557,36,157,3.40345050719636
502,18,28,24.97142857142857,35,159,3.1318333437257366
503,18,28,24.75,36,159,3.359137940058729
504,18,28,25.942857142857143,35,161,2.921668236456418
505,16,26,21.114285714285714,35,161,3.0609774387301747
506,16,28,16.5,36,162,2.763000813924357
507,14,24,14.114285714285714,35,163,2.6451106903186523
508,13,23,11.657142857142857,35,163,2.6706051532690953
509,12,23,11.885714285714286,35,164,2.1187697558867726
510,15,28,12.285714285714286,35,165,1.6555869945682558
511,14,26,12.685714285714285,35,165,1.9594595742830376
512,16,29,12.75,36,165,1.9411448547378631
513,15,27,13.166666666666666,36,165,1.9535106026393132
514,16,28,13.61111111111111,36,165,2.0883467308399193
515,16,28,14.055555555555555,36,165,2.3472872996841083
516,18,31,14.135135135135135,37,165,2.469728799980924
517,18,31,14.210526315789474,38,165,2.5809064776664226
518,17,29,14.657894736842104,38,165,2.7499749978256136
519,18,31,14.717948717948717,39,165,2.5803604738890717
520,19,32,14.8,40,165,2.5376763457723372
521,20,33,15.3,40,165,2.673819153364429
522,21,35,16.23076923076923,39,166,2.4579116011721696
523,21,35,17.210526315789473,38,167,2.2906873196220605
524,24,40,16.9,40,167,2.1373714157600388
525,22,36,17.897435897435898,39,168,1.9324096226169882
526,24,38,18.512820512820515,39,168,1.9950634652343218
527,24,38,19.128205128205128,39,168,2.1023588142165646
528,25,40,19.76923076923077,39,168,2.2481602846555977
529,25,40,20.41025641025641,39,168,2.441268059170857
530,25,40,21.05128205128205,39,168,2.6091806049909168
531,26,42,21.692307692307693,39,169,2.3951632914123135
532,26,42,21.775,40,169,2.279707037418941
533,26,42,23.0,39,170,2.138949657526263
534,27,44,24.31578947368421,38,171,2.088161599608352
535,27,44,25.7027027027027,37,172,1.9388469862489983
536,27,44,27.166666666666668,36,173,1.7350904041126296
537,28,46,27.916666666666668,36,174,1.5764768465076346
538,28,46,29.514285714285716,35,175,1.4246143822253987
539,27,44,24.694444444444443,36,175,1.477686990312441
540,24,38,21.914285714285715,35,176,1.1448102583736746
541,23,36,19.885714285714286,35,176,1.0677913249173183
542,25,38,18.057142857142857,35,177,0.7360323253678976
543,23,34,16.314285714285713,35,177,0.8863052971038652
544,24,35,17.0,35,177,1.0604384710148902
545,24,35,15.583333333333334,36,177,1.248420173847939
546,22,31,14.694444444444445,36,177,1.3984723915483461
547,21,29,14.555555555555555,36,177,1.5495016127862715
548,22,30,15.166666666666666,36,177,1.6680968871352413
549,22,30,15.777777777777779,36,177,1.753255244491258
550,22,30,16.38888888888889,36,177,1.9082589779102324
551,23,32,16.54054054054054,37,177,2.058175517506725
552,24,33,17.16216216216216,37,178,1.8557182678349506
553,23,31,17.783783783783782,37,178,1.9861816604894746
554,24,33,17.92105263157895,38,178,2.0817482640522593
555,23,31,18.526315789473685,38,178,2.171772888265135
556,23,31,19.64864864864865,37,179,1.8767915697653634
557,26,36,19.256410256410255,39,179,1.7542612768605939
558,25,34,19.375,40,179,1.8156426148039924
559,26,35,19.51219512195122,41,179,1.9810535738279453
560,25,33,20.121951219512194,41,179,2.1961860288174546
561,25,33,21.25,40,180,2.2150631088956203
562,26,35,21.341463414634145,41,180,2.273448702134313
563,27,37,20.930232558139537,43,180,2.2981754151970333
564,25,33,22.5609756097561,41,182,1.908133572372424
565,28,38,23.21951219512195,41,183,1.834328123592412
566,28,38,23.30952380952381,42,183,1.9959132000627422
567,27,36,24.536585365853657,41,184,1.978994645226746
568,27,36,25.195121951219512,41,184,2.1933489463238462
569,28,38,25.853658536585368,41,185,2.03990847689169
570,28,38,25.88095238095238,42,185,1.9137611600199957
571,27,36,27.170731707317074,41,186,1.723540210330124
572,31,43,27.238095238095237,42,186,1.7084859831761592
573,28,39,24.976190476190474,42,186,1.775368090319688
574,27,39,23.390243902439025,41,187,1.5351346453765733
575,26,38,21.341463414634145,41,187,1.6413785235577523
576,25,38,21.048780487804876,41,188,1.3321729460502223
577,25,37,21.658536585365855,41,188,1.2868846253218442
578,26,38,22.29268292682927,41,188,1.3021692347231884
579,28,42,22.404761904761905,42,188,1.4687077287044445
580,28,42,23.071428571428573,42,188,1.5017975095271663
581,29,44,23.761904761904763,42,188,1.4591938057184934
582,31,48,23.906976744186046,43,188,1.4890929106799875
583,31,48,24.045454545454547,44,188,1.5527775398479862
584,30,46,24.727272727272727,44,188,1.6141416814787013
585,31,48,24.844444444444445,45,188,1.6343559706091662
586,32,50,25.555555555555557,45,188,1.6670370585878884
587,32,50,26.863636363636363,44,189,1.4938807677277537
588,33,52,27.613636363636363,44,189,1.5888775000339748
589,34,54,28.386363636363637,44,189,1.711493329325432
590,34,54,29.15909090909091,44,189,1.8704784125694258
591,34,54,30.627906976744185,43,190,1.7596549314081487
592,35,56,31.41860465116279,43,191,1.6063952091426188
593,34,54,32.2093023255814,43,191,1.7248355730107514
594,34,54,34.609756097560975,41,193,1.2979248837830712
595,34,54,35.4390243902439,41,193,1.184214166311752
596,35,56,38.15384615384615,39,195,0.45610464395122985
597,35,56,39.05128205128205,39,195,0.48091696924410815
598,33,53,30.35,40,195,0.5805809055003628
599,29,47,22.536585365853657,41,195,0.7142545990173483
600,24,39,17.414634146341463,41,195,0.9736974624117698
601,21,35,13.714285714285714,42,195,1.225353506209234
602,18,30,13.571428571428571,42,195,1.5555737035297836
603,18,30,12.13953488372093,43,195,1.7493730584717162
604,17,28,11.904761904761905,42,196,1.7109423829639652
605,17,27,11.523809523809524,42,196,1.8839841209581638
606,19,31,11.476190476190476,42,197,1.7014577501662673
607,16,26,8.30952380952381,42,197,1.8339285575083752
608,15,26,6.166666666666667,42,197,1.8771505940739077
609,17,29,5.809523809523809,42,197,1.9727679897600625
610,18,31,5.476190476190476,42,197,2.1374001494281196
611,22,38,5.681818181818182,44,197,2.0966360581455556
612,22,38,6.325581395348837,43,198,1.8798892095363406
613,23,40,6.8604651162790695,43,198,1.9400495300835685
614,24,42,7.395348837209302,43,199,1.637839058032147
615,28,49,8.023255813953488,43,200,1.3294364741847522
616,24,41,6.72093023255814,43,200,1.3403629075548495
617,26,44,5.454545454545454,44,201,1.0983910332611808
618,24,38,4.613636363636363,44,201,1.2297220559113562
619,25,39,4.659090909090909,44,201,1.330712472376744
620,26,39,4.931818181818182,44,201,1.3749740505038306
621,27,41,5.386363636363637,44,202,1.1752007739128294
622,26,39,5.9772727272727275,44,202,1.2752332638600243
623,28,43,6.613636363636363,44,202,1.485326762577795
624,28,43,7.25,44,202,1.6912396585261968
625,28,43,7.886363636363637,44,202,1.9264625568174012
626,29,45,8.522727272727273,44,203,1.8727921324880257
627,28,43,9.159090909090908,44,203,1.98360810431778
628,28,43,9.795454545454545,44,203,2.00176479392624
629,28,43,10.431818181818182,44,203,1.9366446458199078
630,32,49,10.88888888888889,45,203,1.8103655052976924
631,32,49,12.13953488372093,43,205,1.357936001156739
632,33,50,12.906976744186046,43,205,1.4099686010260903
633,33,51,13.325581395348838,43,205,1.512764609008353
634,33,52,14.333333333333334,42,206,1.3125228839955292
635,34,54,15.119047619047619,42,207,0.9660887181285567
636,33,52,15.904761904761905,42,207,1.0885532227104957
637,35,55,16.325581395348838,43,207,1.1870096566217707
638,35,55,17.11627906976744,43,208,1.1297469011874635
639,34,53,18.333333333333332,42,209,0.8409195282816159
640,34,53,19.609756097560975,41,210,0.6088030247218764
641,34,53,20.4390243902439,41,210,0.6639487586689382
642,36,57,20.785714285714285,42,210,0.6559994329979155
643,35,55,21.61904761904762,42,210,0.6754935116152001
644,36,57,22.476190476190474,42,210,0.744682059527522
645,36,57,23.333333333333332,42,210,0.8543364113458237
646,36,57,24.19047619047619,42,210,0.9148944656655951
647,37,59,24.46511627906977,43,210,0.8442539417654058
648,36,57,25.302325581395348,43,210,0.8034261207470391
649,38,61,25.568181818181817,44,210,0.7805618513222602
650,37,59,26.40909090909091,44,210,0.844840074172977
651,38,61,27.272727272727273,44,210,0.8623391497396065
652,39,63,28.136363636363637,44,211,0.5979658883685064
653,39,63,29.022727272727273,44,211,0.6516563243643969
654,39,63,30.6046511627907,43,212,0.4575240653295081
655,39,63,31.511627906976745,43,212,0.5326610746395102
656,40,65,31.681818181818183,44,212,0.5944116589253678
657,39,63,32.56818181818182,44,212,0.6905620536826848
658,39,63,33.45454545454545,44,212,0.746497648129786
659,39,63,34.34090909090909,44,212,0.7248183556491977
660,41,66,34.46666666666667,45,212,0.6633620556581606
661,40,64,36.15909090909091,44,213,0.3394775651011159
662,40,64,37.06818181818182,44,213,0.23070123526804034
663,43,69,36.34782608695652,46,213,0.18630361769399212
664,41,65,37.23913043478261,46,213,0.14624462216135636
665,42,66,38.15217391304348,46,213,0.1896850126500648
666,43,68,39.08695652173913,46,213,0.25271383768222383
667,39,62,34.67391304347826,46,213,0.3847679541506308
668,36,58,29.638297872340427,47,213,0.5214798128097237
669,31,50,25.70212765957447,47,213,0.6960297129599943
670,29,47,22.5531914893617,47,213,0.9395110479140637
671,26,42,19.574468085106382,47,213,1.0857739100108232
672,24,39,17.291666666666668,48,213,1.1493352065319546
673,21,34,17.145833333333332,48,213,1.3126016036781614
674,21,34,16.4375,48,213,1.6133284331852045
675,21,34,14.9,50,213,1.8918258122932046
676,19,30,14.1,50,213,2.2633865275045415
677,19,30,14.48,50,213,2.653890002179719
678,18,28,14.8,50,213,3.028170766606552
679,18,28,15.16,50,213,3.378700828637774
680,19,30,15.215686274509803,51,213,3.5891620928075643
681,18,28,15.568627450980392,51,213,3.915747535877845
682,18,28,16.571428571428573,49,215,3.9122525120869627
683,21,33,16.62,50,216,3.8369283673394325
684,20,31,16.666666666666668,51,216,4.034555633538763
685,20,31,17.058823529411764,51,216,4.2801277204294115
686,21,33,18.163265306122447,49,219,4.000126837369745
687,21,33,18.2,50,219,4.1287257272071045
688,20,31,20.217391304347824,46,223,3.6483338401127994
689,22,34,21.133333333333333,45,225,3.345966907955123
690,22,34,22.627906976744185,43,227,3.1822000175800182
691,22,34,23.69047619047619,42,228,3.201240035569911
692,23,36,24.214285714285715,42,229,3.1477764636811023
693,23,36,26.0,40,231,2.812279624111924
694,24,38,25.926829268292682,41,231,2.9327378672435787
695,25,40,26.48780487804878,41,233,2.3909484370993184
696,25,39,26.428571428571427,42,233,2.480339051019494
697,25,38,27.023809523809526,42,233,2.5425353520997396
698,25,39,27.571428571428573,42,234,2.343740349676562
699,26,39,28.878048780487806,41,235,2.185701114669436
700,26,40,30.225,40,236,2.1972077061482085
701,24,38,26.6,40,236,2.4667485407689975
702,24,39,25.692307692307693,39,238,2.049976670104486
703,22,36,24.102564102564102,39,238,2.178479428638471
704,22,37,23.105263157894736,38,239,2.064541128398312
705,22,38,21.17948717948718,39,239,2.091962060105645
706,22,39,19.974358974358974,39,239,2.206407937099929
707,22,39,19.842105263157894,38,240,2.1821312843280567
708,21,38,20.07894736842105,38,240,2.5151498452181538
709,22,40,20.63157894736842,38,241,2.502537071005179
710,21,38,21.18421052631579,38,241,2.64768373211528
711,21,38,21.736842105263158,38,241,2.7522572381225117
712,22,40,22.31578947368421,38,241,2.9062614368277693
713,22,40,22.894736842105264,38,241,3.1450011528381308
714,24,43,23.5,38,242,2.9908845464875626
715,23,41,24.756756756756758,37,243,2.9539856737795516
716,23,41,26.083333333333332,36,244,2.881104844638128
717,24,43,26.72222222222222,36,245,2.6787460515724804
718,23,41,28.142857142857142,35,246,2.5096144580303728
719,23,41,30.545454545454547,33,248,1.9436691389024894
720,24,43,31.272727272727273,33,248,2.01161155256499
721,24,43,32.0,33,248,2.1022903429126605
722,24,43,32.72727272727273,33,248,2.169251552496689
723,24,43,34.5,32,249,1.8621192044508967
724,25,45,35.28125,32,249,1.8361927968014453
725,26,47,37.225806451612904,31,251,1.0732122021059116
726,26,46,38.064516129032256,31,251,1.0373709358554346
727,27,48,37.6875,32,251,0.9279502151750801
728,27,48,38.53125,32,251,0.9090252318643395
729,29,52,37.05882352941177,34,251,0.9089420658351025
730,27,48,39.0,33,252,0.6810250530733398
731,27,48,39.81818181818182,33,252,0.6932704955244231
732,28,49,41.9375,32,253,0.4111919520618976
733,28,49,42.8125,32,253,0.48721322751987645
734,28,49,43.6875,32,253,0.5797247639694055
735,27,47,36.81818181818182,33,253,0.7134169654913673
736,25,43,31.647058823529413,34,253,0.8515594706533647
737,23,39,27.714285714285715,35,253,0.9248812931026322
738,21,35,25.057142857142857,35,253,1.1086090635377934
739,19,31,22.857142857142858,35,253,1.2992355358612357
740,18,29,20.771428571428572,35,253,1.382359713392189
741,19,31,20.694444444444443,36,253,1.4011146042478104
742,19,31,18.694444444444443,36,253,1.4139083695739154
743,20,33,17.333333333333332,36,253,1.455701759730071
744,20,34,14.135135135135135,37,253,1.5091758492995682
745,20,34,11.342105263157896,38,253,1.6067697949701283
746,18,31,9.394736842105264,38,253,1.756001428682371
747,18,32,9.473684210526315,38,253,1.8982883186434547
748,19,34,8.789473684210526,38,254,1.4883764179615993
749,20,36,9.31578947368421,38,254,1.6361653243898178
750,22,40,9.35,40,254,1.7119934325161885
751,21,38,10.128205128205128,39,255,1.4555190955960655
752,23,42,10.692307692307692,39,256,1.2475099041995386
753,24,44,11.307692307692308,39,256,1.3695480589845188
754,25,45,11.948717948717949,39,256,1.4890562213489276
755,26,47,12.615384615384615,39,256,1.6870322651473744
756,28,51,12.975,40,256,1.779429689796789
757,27,49,14.0,39,257,1.4773221101767633
758,29,53,14.35,40,257,1.4927983063503727
759,29,53,15.075,40,257,1.5943278546973745
760,30,55,15.825,40,257,1.7496287784701265
761,30,55,17.0,39,258,1.5257691702763292
762,30,55,17.76923076923077,39,258,1.4898812642585024
763,31,57,19.05263157894737,38,259,1.2015937695479422
764,31,57,19.86842105263158,38,259,1.1800063049891247
765,32,58,20.710526315789473,38,259,1.1985132576944317
766,34,62,21.0,39,260,0.9346340757980275
767,32,58,21.82051282051282,39,260,1.0395098309829165
768,33,60,22.075,40,260,1.1183408852552015
769,33,60,22.875,40,261,0.884510172804184
770,32,58,23.675,40,261,0.9739562040808554
771,33,60,24.5,40,261,0.7926571630816375
772,31,57,18.55,40,261,0.7232680378613242
773,28,51,15.512820512820513,39,262,0.5063176697467906
774,26,48,13.075,40,262,0.6951189652570939
775,22,41,12.05,40,262,0.9676988011552453
776,21,39,12.0,40,262,1.2430565851510376
777,24,44,11.952380952380953,42,262,1.3722181203057686
778,22,40,12.476190476190476,42,262,1.5069017720720848
779,24,43,13.047619047619047,42,262,1.6570744137755649
780,24,43,13.619047619047619,42,262,1.6046422829925562
781,25,45,13.833333333333334,42,262,1.3741611604783448
782,27,48,14.238095238095237,42,262,1.1809647164683026
783,29,52,14.928571428571429,42,262,1.2271593465497763
784,30,54,15.255813953488373,43,262,1.2173838041540093
785,31,56,15.976744186046512,43,262,1.1476310631900222
786,32,57,16.72093023255814,43,262,1.2032841829065803
787,35,63,17.113636363636363,44,262,1.3049896742951763
788,34,61,18.302325581395348,43,263,1.1938823887351928
789,34,61,19.547619047619047,42,264,1.0630115443363568
790,32,57,18.48780487804878,41,265,0.8810408009373477
791,32,56,16.523809523809526,42,265,0.8030282439004572
792,29,50,15.0,42,265,0.7804867798954873
793,29,49,13.523809523809524,42,265,0.8366304874850252
794,28,46,12.682926829268293,41,266,0.747735553020291
795,28,45,12.292682926829269,41,266,0.9442969034528368
796,26,41,11.268292682926829,41,266,1.182415566296112
797,24,37,10.439024390243903,41,266,1.4581143690726817
798,22,33,9.658536585365853,41,266,1.705988268881626
799,21,31,10.024390243902438,41,266,2.021352712920186
800,21,31,9.214285714285714,42,266,2.322093431676881
801,20,29,8.44186046511628,43,266,2.522701515680284
802,18,25,7.883720930232558,43,266,2.795968981014342
803,18,25,8.5,42,267,2.748449898861124
804,18,25,9.146341463414634,41,268,2.948400809659608
805,20,28,9.609756097560975,41,269,2.9519577811195976
806,19,26,10.325,40,270,3.125113033741118
807,20,28,10.536585365853659,41,270,3.365383456973046
808,21,30,10.488372093023257,43,270,3.531736077101902
809,19,26,10.930232558139535,43,270,3.8698943366390197
810,19,26,11.926829268292684,41,272,3.7758673295377183
811,19,26,12.7,40,273,3.8677219626664745
812,20,28,13.175,40,274,3.7930927811955315
813,19,26,14.0,39,275,3.5757165129817783
814,21,30,13.78048780487805,41,275,3.364607715331381
815,19,26,14.974358974358974,39,277,3.0793573569063453
816,21,29,15.512820512820513,39,277,3.344758859513247
817,21,29,16.91891891891892,37,279,3.1404109885826745
818,21,29,17.97222222222222,36,280,3.061382239579756
819,22,31,18.054054054054053,37,280,3.0683974856541263
820,21,29,18.62162162162162,37,280,3.034953947365729
821,21,29,19.72222222222222,36,281,2.7575983840961182
822,21,29,20.305555555555557,36,281,2.783739165291635
823,23,33,19.52777777777778,36,282,2.4204531291014235
824,23,34,18.97222222222222,36,283,2.2787374271778487
825,22,33,18.47222222222222,36,284,2.1322804702691864
826,21,32,18.714285714285715,35,285,1.9678009693619565
827,21,32,19.314285714285713,35,285,2.127243148075003
828,23,36,19.914285714285715,35,287,1.6631835461448234
829,22,33,20.542857142857144,35,287,1.8505008369298763
830,22,33,21.794117647058822,34,288,1.7380559122241515
831,22,33,22.441176470588236,34,288,1.903572236692673
832,24,37,21.805555555555557,36,288,1.8849251843012824
833,22,33,22.416666666666668,36,288,2.0188498547787894
834,23,35,23.055555555555557,36,288,2.0013098935477833
835,25,39,23.08108108108108,37,288,1.94798761307544
836,24,37,23.72972972972973,37,288,1.7931181159681493
837,27,42,23.789473684210527,38,288,1.671625034659604
838,27,42,23.846153846153847,39,288,1.7333488799109422
839,28,44,24.53846153846154,39,289,1.526900601021819
840,27,42,25.23076923076923,39,289,1.6807181267062732
841,28,43,26.63157894736842,38,290,1.619055995669402
842,28,43,27.36842105263158,38,290,1.7753879725878894
843,29,45,27.384615384615383,39,290,1.8096974007177489
844,28,43,28.842105263157894,38,291,1.5940073380066773
845,28,43,29.57894736842105,38,291,1.7254993512311898
846,29,44,31.16216216216216,37,292,1.5901040328317153
847,30,46,31.105263157894736,38,292,1.5624248039177868
848,30,46,31.86842105263158,38,293,1.3088715942989682
849,29,44,32.63157894736842,38,293,1.4694639385650508
850,30,46,33.421052631578945,38,293,1.5152175862232011
851,30,46,34.21052631578947,38,293,1.432771459581113
852,31,48,35.0,38,294,0.9874510576413403
853,33,52,34.025,40,294,0.8330417861594563
854,32,50,34.825,40,294,0.8343754971602628
855,33,52,36.56410256410256,39,295,0.5946136623463709
856,33,52,37.41025641025641,39,295,0.7022412407180778
857,29,46,30.256410256410255,39,295,0.737731170782856
858,26,42,22.8,40,295,0.872879684581919
859,23,38,15.902439024390244,41,295,1.0961773719089467
860,20,33,12.142857142857142,42,295,1.3758789245790564
861,17,28,10.880952380952381,42,295,1.6143004223515771
862,15,25,10.121951219512194,41,296,1.5154669197255373
863,15,25,10.170731707317072,41,296,1.7829658744088237
864,16,26,10.560975609756097,41,296,2.027338678666694
865,17,28,10.69047619047619,42,296,2.2131777827846593
866,17,28,11.095238095238095,42,296,2.4601733179418055
867,18,29,11.523809523809524,42,296,2.7504887832453484
868,18,29,11.952380952380953,42,296,3.0312096943973663
869,19,31,12.093023255813954,43,296,3.265425927964071
870,18,29,12.511627906976743,43,296,3.6345257715821724
871,18,29,12.930232558139535,43,296,3.976487428676834
872,18,29,13.348837209302326,43,296,4.263743371984226
873,19,31,14.095238095238095,42,298,4.11623115326877
874,18,29,14.878048780487806,41,299,4.173516714799972
875,18,29,16.102564102564102,39,301,3.907159941107418
876,19,31,17.026315789473685,38,302,3.9842245316192706
877,19,31,18.0,37,303,3.972902111114138
878,19,31,19.02777777777778,36,304,3.8466069991938503
879,19,31,19.555555555555557,36,304,4.042061302241781
880,20,33,21.294117647058822,34,306,3.8851261113404156
881,20,33,23.25,32,308,3.522165769397785
882,20,33,24.64516129032258,31,309,3.403637161928409
883,20,33,26.133333333333333,30,310,3.258667960017801
884,21,35,25.93548387096774,31,310,3.149992119470651
885,20,33,30.51851851851852,27,314,2.0592201013651366
886,21,34,33.8,25,316,1.3131646287649013
887,22,36,34.64,25,317,0.8947558952021862
888,21,34,35.48,25,317,1.011952514442672
889,21,34,37.833333333333336,24,318,0.7508692215120841
890,21,34,38.708333333333336,24,318,0.8150985324467045
891,19,32,34.333333333333336,24,318,0.9084350860184242
892,18,32,29.44,25,318,1.032621349509849
893,16,29,28.416666666666668,24,319,0.7685334632363291
894,16,29,29.083333333333332,24,319,1.018484401801693
895,16,30,26.2,25,319,1.137423263569469
896,14,27,24.76,25,319,1.188167902447577
897,13,26,23.96,25,319,1.0744605726723657
898,13,26,24.48,25,319,0.9972228847269524
899,16,31,24.115384615384617,26,319,1.0659550059204266
900,14,27,18.444444444444443,27,319,1.1865767757865764
901,11,21,14.037037037037036,27,319,1.4144755968904392
902,10,18,10.296296296296296,27,319,1.6072006464795974
903,9,16,7.464285714285714,28,319,1.757136510207787
904,7,11,5.107142857142857,28,319,2.045134671145621
905,8,12,5.392857142857143,28,319,2.4437335037769548
906,8,12,3.8275862068965516,29,319,2.5806285290735613
907,7,9,2.5517241379310347,29,319,2.7847126742882287
908,9,12,1.3333333333333333,30,319,2.639468133798357
909,10,13,1.6666666666666667,30,319,2.701717794538581
910,13,18,2.066666666666667,30,320,2.388108549314958
911,13,18,2.5,30,320,2.534926603423536
912,15,22,2.870967741935484,31,320,2.5804173957046594
913,15,22,3.3548387096774195,31,320,2.7378011798160693
914,18,28,3.75,32,321,2.3271039618174743
915,17,26,4.28125,32,321,2.2811271680440517
916,19,30,4.875,32,321,2.3792259794104833
917,20,32,5.67741935483871,31,322,2.147765298039465
918,23,37,6.15625,32,323,1.8079612256986077
919,23,37,6.84375,32,324,1.6306556519914173
920,22,35,7.5,32,324,1.8177845857677855
921,23,37,8.21875,32,324,1.839835420234941
922,23,37,9.225806451612904,31,325,1.4632930375077715
923,23,37,9.96774193548387,31,325,1.5673034214217785
924,24,39,10.741935483870968,31,325,1.6006346143008068
925,25,41,11.15625,32,325,1.4967290958040511
926,25,41,11.90625,32,326,1.028855906323485
927,25,40,12.6875,32,326,0.884881500937057
928,27,43,13.53125,32,326,0.9115486205975041
929,27,43,14.375,32,326,1.0621134589637038
930,27,43,15.21875,32,326,1.0579932607682931
931,27,43,16.0625,32,326,1.0622718301612708
932,28,45,16.9375,32,326,1.1585554711946524
933,29,47,17.272727272727273,33,326,1.0832278533910558
934,29,47,17.58823529411765,34,326,0.9087024262783521
935,29,46,19.0,33,327,0.3852185536726172
936,29,46,19.87878787878788,33,327,0.3013712496790075
937,30,48,20.78787878787879,33,327,0.2640081762437722
938,31,50,21.058823529411764,34,327,0.2966660033083805
939,31,49,21.970588235294116,34,327,0.35202866220575
940,31,49,22.88235294117647,34,327,0.4154476517103202
941,31,49,23.794117647058822,34,327,0.5025807465932158
942,31,49,24.705882352941178,34,327,0.5966717840661473
943,29,46,22.4,35,327,0.5932809768999947
944,28,44,21.75,36,327,0.7351623276212224
945,26,40,21.88888888888889,36,327,0.8663738957637412
946,26,40,22.61111111111111,36,327,0.9871833773294624
947,26,40,23.333333333333332,36,327,1.1664650365656388
948,27,42,23.405405405405407,37,327,1.1466590039690037
949,27,41,24.135135135135137,37,327,1.0969863863267324
950,27,41,24.864864864864863,37,327,1.039276996744866
951,30,46,24.973684210526315,38,327,1.058982213572907
952,28,44,23.0,38,327,1.2622102472139554
953,26,42,21.473684210526315,38,327,1.5150551526086287
954,24,40,20.105263157894736,38,327,1.7347219982735769
955,22,38,18.710526315789473,38,327,1.9030498944454428
956,21,38,17.076923076923077,39,327,2.109589746419842
957,20,37,16.81578947368421,38,328,1.9466669862966768
958,19,36,16.710526315789473,38,328,2.0791063923232773
959,20,38,17.7027027027027,37,329,2.031664129841985
960,21,40,18.243243243243242,37,330,1.990902450144184
961,20,38,19.305555555555557,36,331,1.9576118579056403
962,20,38,19.86111111111111,36,331,2.2245588251486
963,20,38,20.416666666666668,36,331,2.4270318077601014
964,20,38,20.97222222222222,36,331,2.6525907282877155
965,21,40,21.52777777777778,36,332,2.528187628288276
966,21,40,21.486486486486488,37,332,2.7041098476324636
967,21,40,22.027027027027028,37,333,2.5811817175915976
968,20,38,23.194444444444443,36,334,2.4773130641992838
969,21,39,23.77777777777778,36,334,2.447910019402874
970,23,41,24.416666666666668,36,334,2.3250942355767537
971,22,38,22.2,35,335,1.9920540161447893
972,20,34,19.228571428571428,35,335,2.0780949908225756
973,18,30,16.676470588235293,34,336,1.9025511186167865
974,18,28,14.088235294117647,34,336,1.9617981709905639
975,17,26,11.529411764705882,34,337,1.8986754289115115
976,14,20,9.757575757575758,33,338,1.8118061356367339
977,14,19,7.5,34,338,2.103136727688837
978,12,15,6.333333333333333,33,339,2.24993702839557
979,12,15,6.696969696969697,33,339,2.654801753447354
980,12,15,5.242424242424242,33,340,2.7143900761724162
981,11,13,5.575757575757576,33,340,3.057720960565336
982,11,13,5.909090909090909,33,340,3.313482308697545
983,11,13,6.242424242424242,33,340,3.6203045355766257
984,12,14,6.8125,32,341,3.560654184100576
985,14,18,7.21875,32,342,3.5474629993944116
986,14,18,7.393939393939394,33,342,3.638968234927369
987,13,16,7.787878787878788,33,342,3.9527215258812056
988,15,19,8.46875,32,344,3.581494115532706
989,14,17,8.90625,32,344,3.9090126916928467
990,14,17,9.64516129032258,31,345,3.985863485211147
991,14,17,10.096774193548388,31,345,4.1742054031013325
992,14,17,10.9,30,346,4.132606876688927
993,15,19,11.0,31,346,4.158621149140799
994,15,19,11.833333333333334,30,348,3.663711623363556
995,16,21,12.333333333333334,30,349,3.3659645498827064
996,17,22,12.451612903225806,31,349,3.4795238656154366
997,16,20,13.4,30,350,3.393225655382426
998,16,20,14.413793103448276,29,351,3.4691153029745383
999,17,22,14.466666666666667,30,351,3.463042360459859
